Player,Season,Team,S/C,Pos,GP,G,A,P,+/-,PIM,P/GP,EVG,EVP,PPG,PPP,SHG,SHP,GWG,S,S%,TOI/GP,FOW%
Martin St. Louis,20032004,TBL,L,R,82,38,56,94,35,24,1.15,22,53,8,30,8,11,7,212,17.9,20:35,33.3
Ilya Kovalchuk,20032004,ATL,R,L,81,41,46,87,-10,63,1.07,24,52,16,33,1,2,6,341,12,23:06,32.1
Joe Sakic,20032004,COL,L,C,81,33,54,87,11,42,1.07,19,49,13,37,1,1,3,253,13,20:16,52.6
Markus Naslund,20032004,VAN,L,L,78,35,49,84,24,58,1.08,30,58,5,26,0,0,6,296,11.8,19:23,35.7
Marian Hossa,20032004,OTT,L,R,81,36,46,82,4,46,1.01,21,42,14,39,1,1,5,233,15.4,18:37,40
Patrik Elias,20032004,NJD,L,C,82,38,43,81,26,44,0.99,26,57,9,20,3,4,9,300,12.7,18:46,36.7
Daniel Alfredsson,20032004,OTT,R,R,77,32,48,80,12,24,1.04,23,41,9,38,0,1,5,230,13.9,19:24,24.2
Cory Stillman,20032004,TBL,L,L,81,25,55,80,18,36,0.99,13,53,11,26,1,1,6,178,14,19:32,31.6
Robert Lang,20032004,"WSH,DET",R,C,69,30,49,79,4,24,1.14,20,42,10,37,0,0,3,163,18.4,21:04,45.6
Brad Richards,20032004,TBL,L,C,82,26,53,79,14,12,0.96,20,51,5,26,1,2,6,244,10.7,20:26,46.7
Alex Tanguay,20032004,COL,L,L,69,25,54,79,30,42,1.14,18,53,7,25,0,1,5,117,21.4,18:21,40.8
Milan Hejduk,20032004,COL,R,R,82,35,40,75,19,20,0.91,19,46,16,28,0,1,6,237,14.8,18:46,47.8
Mats Sundin,20032004,TOR,R,C,81,31,44,75,11,52,0.93,19,42,11,29,1,4,10,226,13.7,19:52,53
Mark Recchi,20032004,PHI,L,R,82,26,49,75,18,47,0.91,11,42,14,30,1,3,5,167,15.6,17:12,52.4
Jaromir Jagr,20032004,"WSH,NYR",L,R,77,31,43,74,-5,38,0.96,21,48,10,26,0,0,3,257,12.1,20:57,0
Jarome Iginla,20032004,CGY,R,R,81,41,32,73,21,84,0.9,29,47,8,21,4,5,10,265,15.5,21:18,54.4
Steve Sullivan,20032004,"CHI,NSH",R,L,80,24,49,73,1,48,0.91,11,42,11,28,2,3,4,218,11,20:56,44
Joe Thornton,20032004,BOS,L,C,77,23,50,73,18,98,0.95,19,57,4,16,0,0,6,187,12.3,21:38,56.3
Keith Tkachuk,20032004,STL,L,L,75,33,38,71,8,83,0.95,15,39,18,32,0,0,8,233,14.2,19:39,49.5
Scott Gomez,20032004,NJD,L,C,80,14,56,70,18,70,0.88,11,54,3,16,0,0,1,189,7.4,16:00,46.1
Bill Guerin,20032004,DAL,R,R,82,34,35,69,14,109,0.84,25,47,9,22,0,0,10,263,12.9,18:42,18.8
Martin Havlat,20032004,OTT,L,R,68,31,37,68,12,46,1,18,38,13,30,0,0,7,175,17.7,16:44,36.4
Pavel Datsyuk,20032004,DET,L,C,75,30,38,68,-2,35,0.91,21,44,8,23,1,1,4,136,22.1,18:16,54
Shane Doan,20032004,PHX,R,R,79,27,41,68,-11,47,0.86,16,38,9,27,2,3,1,254,10.6,21:46,40
Brett Hull,20032004,DET,R,R,81,25,43,68,-4,12,0.84,15,45,10,23,0,0,6,200,12.5,16:54,42.9
Scott Walker,20032004,NSH,R,R,75,25,42,67,4,94,0.89,13,38,9,24,3,5,3,157,15.9,20:03,41.4
Vincent Lecavalier,20032004,TBL,L,C,81,32,34,66,23,52,0.81,25,50,5,14,2,2,6,242,13.2,18:04,41.4
Sergei Fedorov,20032004,ANA,L,C,80,31,34,65,-5,42,0.81,20,37,9,26,2,2,6,268,11.6,21:05,56.6
Daniel Briere,20032004,BUF,R,C,82,28,37,65,-7,70,0.79,17,38,11,27,0,0,3,194,14.4,18:20,47.1
Mike Ribeiro,20032004,MTL,L,C,81,20,45,65,15,34,0.8,13,41,7,24,0,0,5,103,19.4,17:05,44.8
Doug Weight,20032004,STL,L,C,75,14,51,65,-3,37,0.87,8,33,6,31,0,1,5,198,7.1,20:25,50.4
Michael Ryder,20032004,MTL,R,R,81,25,38,63,10,26,0.78,15,40,10,23,0,0,4,215,11.6,16:00,24
Glen Murray,20032004,BOS,R,R,81,32,28,60,17,56,0.74,21,46,11,14,0,0,9,260,12.3,20:56,35.9
Brendan Morrison,20032004,VAN,L,C,82,22,38,60,16,50,0.73,16,45,5,14,1,1,4,161,13.7,20:08,51
Todd Bertuzzi,20032004,VAN,L,R,69,17,43,60,21,122,0.87,9,44,8,16,0,0,2,156,10.9,21:00,45
Ryan Smyth,20032004,EDM,L,L,82,23,36,59,11,70,0.72,13,38,8,18,2,3,6,245,9.4,19:39,47.1
Olli Jokinen,20032004,FLA,L,C,82,26,32,58,-16,81,0.71,16,32,8,24,2,2,8,280,9.3,22:35,47.1
Pavol Demitra,20032004,STL,L,R,68,23,35,58,1,18,0.85,15,37,8,21,0,0,5,179,12.8,20:30,47.3
Michal Handzus,20032004,PHI,L,C,82,20,38,58,18,82,0.71,12,35,7,22,1,1,2,135,14.8,18:43,49.9
Sergei Gonchar,20032004,"WSH,BOS",L,D,71,11,47,58,-14,56,0.82,5,24,6,34,0,0,0,161,6.8,27:12:00,--
Rick Nash,20032004,CBJ,L,L,80,41,16,57,-35,87,0.71,22,28,19,29,0,0,7,269,15.2,17:38,28.6
Freddy Modin,20032004,TBL,L,L,82,29,28,57,31,32,0.7,23,47,5,6,1,4,2,206,14.1,18:12,38.4
Miroslav Satan,20032004,BUF,L,R,82,29,28,57,-15,30,0.7,17,30,11,26,1,1,5,206,14.1,20:02,22.2
Patrick Marleau,20032004,SJS,L,L,80,28,29,57,-5,24,0.71,19,35,9,21,0,1,5,220,12.7,18:12,41.6
Jason Arnott,20032004,DAL,R,C,73,21,36,57,23,66,0.78,16,43,5,14,0,0,5,143,14.7,17:00,53
Bobby Holik,20032004,NYR,R,C,82,25,31,56,4,96,0.68,17,41,8,15,0,0,4,225,11.1,18:34,54.1
John LeClair,20032004,PHI,L,L,75,23,32,55,20,51,0.73,15,39,8,16,0,0,4,182,12.6,16:06,33.3
Jason Spezza,20032004,OTT,R,C,78,22,33,55,22,71,0.71,17,42,5,13,0,0,3,142,15.5,14:38,47.7
Nisse Ekman,20032004,SJS,L,R,82,22,33,55,30,34,0.67,17,41,1,9,4,5,5,147,15,14:54,21.7
Tyler Arnason,20032004,CHI,L,C,82,22,33,55,-13,16,0.67,16,35,6,20,0,0,2,222,9.9,16:34,43.1
Peter Forsberg,20032004,COL,L,C,39,18,37,55,16,30,1.41,14,30,3,24,1,1,5,85,21.2,19:12,42.3
Shawn McEachern,20032004,ATL,L,L,82,17,38,55,5,76,0.67,11,32,5,18,1,5,3,176,9.7,20:14,44.2
Saku Koivu,20032004,MTL,L,C,68,14,41,55,-5,52,0.81,9,40,5,15,0,0,3,112,12.5,19:18,53.9
Vinny Prospal,20032004,ANA,L,L,82,19,35,54,-9,54,0.66,12,30,7,24,0,0,4,185,10.3,18:37,46.7
Daniel Sedin,20032004,VAN,L,L,82,18,36,54,18,18,0.66,17,38,1,16,0,0,3,153,11.8,13:33,47.9
Chris Pronger,20032004,STL,L,D,80,14,40,54,-1,88,0.68,7,20,7,31,0,3,3,203,6.9,27:28:00,0
Scott Niedermayer,20032004,NJD,L,D,81,14,40,54,20,44,0.67,5,26,9,25,0,3,3,165,8.5,25:44:00,0
Brendan Shanahan,20032004,DET,R,L,82,25,28,53,15,117,0.65,17,33,8,19,0,1,7,280,8.9,18:05,46.9
J-P Dumont,20032004,BUF,L,R,77,22,31,53,-9,40,0.69,12,36,10,17,0,0,1,156,14.1,17:00,43.8
David Vyborny,20032004,CBJ,L,R,82,22,31,53,-26,40,0.65,10,25,8,24,4,4,2,158,13.9,20:23,21.6
Tony Amonte,20032004,PHI,L,R,80,20,33,53,13,38,0.66,16,35,4,18,0,0,3,173,11.6,15:14,37.5
Chris Drury,20032004,BUF,R,C,76,18,35,53,8,68,0.7,12,33,5,16,1,4,2,152,11.8,18:04,54.9
Bryan McCabe,20032004,TOR,L,D,75,16,37,53,22,86,0.71,8,27,8,26,0,0,2,168,9.5,25:44:00,50
Marek Zidlicky,20032004,NSH,R,D,82,14,39,53,-16,82,0.65,5,18,9,35,0,0,4,143,9.8,20:02,--
Ladislav Nagy,20032004,PHX,L,L,55,24,28,52,11,46,0.95,13,30,11,22,0,0,6,160,15,18:10,42.4
Petr Sykora,20032004,ANA,L,R,81,23,29,52,-9,34,0.64,17,33,6,19,0,0,2,277,8.3,17:57,22.2
Valeri Bure,20032004,"FLA,DAL",R,R,68,22,30,52,3,26,0.76,14,34,8,18,0,0,4,209,10.5,18:58,38.7
Daymond Langkow,20032004,PHX,L,C,81,21,31,52,4,40,0.64,16,39,4,11,1,2,2,174,12.1,21:07,43.1
Vyacheslav Kozlov,20032004,ATL,L,L,76,20,32,52,-12,74,0.68,14,30,6,22,0,0,1,191,10.5,20:20,32.3
Marc Savard,20032004,ATL,L,C,45,19,33,52,-8,85,1.16,12,33,6,18,1,1,3,133,14.3,22:19,49.9
Dick Tarnstrom,20032004,PIT,L,D,80,16,36,52,-37,38,0.65,4,14,12,38,0,0,0,158,10.1,24:03:00,--
Jochen Hecht,20032004,BUF,L,C,64,15,37,52,17,49,0.81,12,36,2,15,1,1,0,174,8.6,19:00,43.3
Trent Hunter,20032004,NYI,R,R,77,25,26,51,23,16,0.66,21,41,4,10,0,0,7,187,13.4,15:39,36.8
Luc Robitaille,20032004,LAK,L,L,80,22,29,51,4,56,0.64,10,30,12,21,0,0,4,221,9.9,16:41,0
Alexandre Daigle,20032004,MIN,L,R,78,20,31,51,-4,14,0.65,14,34,6,17,0,0,3,145,13.8,15:10,51.4
Steve Yzerman,20032004,DET,R,C,75,18,33,51,10,46,0.68,11,32,7,18,0,1,3,141,12.8,17:32,55.3
Brian Leetch,20032004,"NYR,TOR",L,D,72,15,36,51,6,34,0.71,9,19,5,30,1,2,2,206,7.3,25:36:00,--
Oleg Kvasha,20032004,NYI,R,C,81,15,36,51,4,48,0.63,7,25,5,22,3,4,3,147,10.2,17:52,38.3
Richard Zednik,20032004,MTL,L,R,81,26,24,50,5,63,0.62,19,36,7,14,0,0,9,218,11.9,17:30,50
Joe Nieuwendyk,20032004,TOR,L,C,64,22,28,50,7,26,0.78,11,29,10,20,1,1,5,131,16.8,15:38,60.4
Aleksey Morozov,20032004,PIT,L,R,75,16,34,50,-24,24,0.67,8,25,8,25,0,0,5,132,12.1,16:34,--
Radek Dvorak,20032004,EDM,R,R,78,15,35,50,18,26,0.64,9,42,6,8,0,0,0,188,8,16:56,29.2
Peter Bondra,20032004,"WSH,OTT",L,R,77,26,23,49,-16,38,0.64,12,24,14,25,0,0,5,188,13.8,18:37,16.7
Brenden Morrow,20032004,DAL,L,L,81,25,24,49,10,121,0.6,16,36,9,12,0,1,3,132,18.9,19:24,47.4
Mariusz Czerkawski,20032004,NYI,R,R,81,25,24,49,8,16,0.6,16,33,9,16,0,0,2,157,15.9,13:02,16.7
Martin Erat,20032004,NSH,L,R,76,16,33,49,10,38,0.64,12,35,4,14,0,0,2,137,11.7,15:00,29
Andrew Brunette,20032004,MIN,L,L,82,15,34,49,3,12,0.6,8,30,7,19,0,0,3,90,16.7,15:32,46.9
Gary Roberts,20032004,TOR,L,L,72,28,20,48,9,84,0.67,16,26,11,20,1,2,7,124,22.6,17:33,33.3
Alex Frolov,20032004,LAK,R,L,77,24,24,48,8,24,0.62,17,32,5,13,2,3,3,168,14.3,17:13,32.4
Brian Rolston,20032004,BOS,L,R,82,19,29,48,9,40,0.59,14,30,3,15,2,3,3,257,7.4,19:38,50.7
Owen Nolan,20032004,TOR,R,R,65,19,29,48,4,110,0.74,10,30,7,16,2,2,3,154,12.3,17:57,53.3
Jonathan Cheechoo,20032004,SJS,R,R,81,28,19,47,5,33,0.58,20,32,8,15,0,0,9,175,16,16:12,14.3
Jason Blake,20032004,NYI,L,L,75,22,25,47,11,56,0.63,17,35,1,5,4,7,3,243,9.1,18:49,41.4
Alyn McCauley,20032004,SJS,L,C,82,20,27,47,23,28,0.57,15,37,5,9,0,1,4,146,13.7,16:51,47.7
Jeremy Roenick,20032004,PHI,R,C,62,19,28,47,1,62,0.76,8,24,10,22,1,1,1,128,14.8,17:37,51.5
David Legwand,20032004,NSH,L,C,82,18,29,47,9,46,0.57,12,34,5,12,1,1,5,165,10.9,17:17,45.1
Bryan Berard,20032004,CHI,L,D,58,13,34,47,-24,53,0.81,7,22,6,25,0,0,0,203,6.4,21:46,--
Craig Conroy,20032004,CGY,R,C,63,8,39,47,13,44,0.75,6,29,2,14,0,4,0,112,7.1,19:13,53.9
Mike Knuble,20032004,BOS,R,R,82,21,25,46,19,32,0.56,17,35,4,11,0,0,3,192,10.9,18:47,31.5
Jeff Halpern,20032004,WSH,R,C,79,19,27,46,-21,56,0.58,12,27,7,18,0,1,2,114,16.7,19:03,54.3
Petr Nedved,20032004,"NYR,EDM",L,C,81,19,27,46,-8,46,0.57,12,28,7,17,0,1,3,190,10,18:43,48.2
Bryan Smolinski,20032004,OTT,R,C,80,19,27,46,22,49,0.57,15,34,4,11,0,1,3,182,10.4,16:39,44.7
Mathieu Schneider,20032004,DET,L,D,78,14,32,46,22,56,0.59,9,25,4,20,1,1,4,165,8.5,24:29:00,0
Rob Blake,20032004,COL,R,D,74,13,33,46,6,61,0.62,5,19,8,26,0,1,3,242,5.4,24:23:00,0
Simon Gagne,20032004,PHI,L,L,80,24,21,45,12,29,0.56,18,31,6,14,0,0,6,211,11.4,16:27,39.4
Mark Bell,20032004,CHI,L,C,82,21,24,45,-14,106,0.55,19,34,2,11,0,0,1,202,10.4,17:37,48.3
Josef Vasicek,20032004,CAR,L,C,82,19,26,45,-3,60,0.55,13,30,6,15,0,0,5,161,11.8,17:06,48.9
Alex Kovalev,20032004,"NYR,MTL",L,R,78,14,31,45,-9,66,0.58,11,32,3,12,0,1,1,207,6.8,19:00,48.4
Martin Rucinsky,20032004,"NYR,VAN",L,L,82,14,31,45,15,72,0.55,13,39,0,4,1,2,2,206,6.8,18:53,12.5
Tuomo Ruutu,20032004,CHI,L,L,82,23,21,44,-31,58,0.54,13,27,10,17,0,0,3,174,13.2,16:24,46.4
Mike Modano,20032004,DAL,L,C,76,14,30,44,-21,46,0.58,8,21,6,21,0,2,0,152,9.2,20:27,52.6
Adrian Aucoin,20032004,NYI,R,D,81,13,31,44,29,54,0.54,9,27,4,17,0,0,2,213,6.1,26:38:00,--
Radek Bonk,20032004,OTT,L,C,66,12,32,44,2,66,0.67,6,17,6,27,0,0,1,98,12.2,17:38,44.9
Kimmo Timonen,20032004,NSH,L,D,77,12,32,44,-7,52,0.57,4,13,8,30,0,1,1,180,6.7,23:52,0
Justin Williams,20032004,"PHI,CAR",R,R,79,11,33,44,12,64,0.56,7,33,4,11,0,0,1,203,5.4,16:52,33.3
Ryan Malone,20032004,PIT,L,L,81,22,21,43,-23,64,0.53,14,26,5,13,3,4,4,139,15.8,18:41,27.4
Steve Rucchin,20032004,ANA,L,C,82,20,23,43,-14,12,0.52,10,25,9,17,1,1,1,148,13.5,19:46,53.6
Mark Messier,20032004,NYR,L,C,76,18,25,43,3,42,0.57,15,35,1,5,2,3,3,104,17.3,16:29,55
Trent Klatt,20032004,LAK,R,R,82,17,26,43,2,46,0.52,11,30,6,13,0,0,2,160,10.6,16:15,46.9
Wade Redden,20032004,OTT,L,D,81,17,26,43,21,65,0.53,5,21,12,22,0,0,3,175,9.7,24:54:00,--
Henrik Zetterberg,20032004,DET,L,C,61,15,28,43,15,14,0.7,7,26,7,13,1,4,2,137,10.9,18:15,45.6
Ray Whitney,20032004,DET,R,L,67,14,29,43,7,22,0.64,10,29,3,12,1,2,4,119,11.8,16:24,38.9
Shean Donovan,20032004,CGY,R,R,82,18,24,42,14,72,0.51,12,34,3,5,3,3,8,138,13,14:55,39.6
Erik Cole,20032004,CAR,L,L,80,18,24,42,-4,93,0.53,14,28,2,11,2,3,3,172,10.5,18:06,46.7
Mike York,20032004,EDM,R,L,61,16,26,42,18,15,0.69,13,27,1,10,2,5,0,144,11.1,19:17,45.9
Kim Johnsson,20032004,PHI,L,D,80,13,29,42,16,26,0.53,9,19,4,23,0,0,3,189,6.9,24:15:00,--
Henrik Sedin,20032004,VAN,L,C,76,11,31,42,23,32,0.55,9,29,2,13,0,0,2,99,11.1,14:02,50
Brent Sopel,20032004,VAN,R,D,80,10,32,42,11,36,0.53,4,23,6,18,0,1,2,173,5.8,21:56,--
Sergei Zubov,20032004,DAL,R,D,77,7,35,42,0,20,0.55,2,16,4,25,1,1,1,154,4.5,25:36:00,--
Paul Mara,20032004,PHX,L,D,81,6,36,42,-11,48,0.52,5,17,1,23,0,2,0,140,4.3,23:37,0
Marco Sturm,20032004,SJS,L,L,64,21,20,41,0,36,0.64,9,21,10,18,2,2,6,158,13.3,16:25,42.9
Matthew Barnaby,20032004,"NYR,COL",L,R,82,16,25,41,18,157,0.5,15,39,1,2,0,0,3,104,15.4,12:23,45.8
Zdeno Chara,20032004,OTT,L,D,79,16,25,41,33,147,0.52,9,24,7,14,0,3,3,185,8.7,24:38:00,--
Ziggy Palffy,20032004,LAK,L,R,35,16,25,41,18,12,1.17,10,20,3,17,3,4,2,109,14.7,21:32,0
Vincent Damphousse,20032004,SJS,L,C,82,12,29,41,-5,66,0.5,5,22,7,19,0,0,4,156,7.7,17:09,52.6
Kris Draper,20032004,DET,L,C,67,24,16,40,22,31,0.6,17,29,2,4,5,7,1,149,16.1,17:44,56.9
Milan Kraft,20032004,PIT,R,C,66,19,21,40,-22,18,0.61,13,23,6,17,0,0,1,134,14.2,15:16,47.4
Steve Konowalchuk,20032004,"WSH,COL",L,L,82,19,21,40,-3,70,0.49,16,31,3,9,0,0,3,152,12.5,18:04,47.3
Marian Gaborik,20032004,MIN,L,R,65,18,22,40,10,20,0.62,15,29,3,11,0,0,4,220,8.2,18:17,45.5
Sergei Samsonov,20032004,BOS,R,L,58,17,23,40,12,4,0.69,14,24,3,16,0,0,5,132,12.9,17:27,25
Shawn Horcoff,20032004,EDM,L,C,80,15,25,40,0,73,0.5,13,28,0,9,2,3,3,110,13.6,17:31,50.6
Pierre Turgeon,20032004,DAL,L,C,76,15,25,40,17,20,0.53,9,28,6,12,0,0,1,104,14.4,14:13,49.3
Patrik Stefan,20032004,ATL,L,C,82,14,26,40,-7,26,0.49,9,28,3,8,2,4,2,110,12.7,16:29,45.6
Ron Francis,20032004,"CAR,TOR",L,C,80,13,27,40,-9,14,0.5,6,20,7,20,0,0,2,91,14.3,15:49,56.2
Michael Peca,20032004,NYI,R,C,76,11,29,40,17,71,0.53,10,34,0,3,1,3,0,117,9.4,19:02,53.1
Kyle Calder,20032004,CHI,L,L,66,21,18,39,-18,29,0.59,11,25,10,14,0,0,1,144,14.6,17:08,30.8
Dave Andreychuk,20032004,TBL,R,L,82,21,18,39,-9,42,0.48,11,23,10,16,0,0,5,165,12.7,17:06,57.8
Ruslan Fedotenko,20032004,TBL,L,L,77,17,22,39,14,30,0.51,17,38,0,1,0,0,3,116,14.7,14:39,55.2
Patrice Bergeron,20032004,BOS,R,C,71,16,23,39,5,22,0.55,9,24,7,15,0,0,2,133,12,16:21,49.4
Peter Schaefer,20032004,OTT,L,L,81,15,24,39,22,26,0.48,11,31,2,6,2,2,3,112,13.4,15:36,23.1
Sean Hill,20032004,CAR,R,D,80,13,26,39,-2,84,0.49,7,19,6,19,0,1,1,228,5.7,25:24:00,50
Dan Boyle,20032004,TBL,R,D,78,9,30,39,23,60,0.5,6,24,3,15,0,0,2,137,6.6,22:46,--
Brad Stuart,20032004,SJS,L,D,77,9,30,39,9,34,0.51,4,20,5,19,0,0,0,129,7,22:09,--
Rod Brind'Amour,20032004,CAR,L,C,78,12,26,38,0,28,0.49,11,33,1,4,0,1,1,141,8.5,21:23,61.1
Nicklas Lidstrom,20032004,DET,L,D,81,10,28,38,19,18,0.47,6,14,3,21,1,3,3,194,5.2,27:16:00,--
Alexander Korolyuk,20032004,SJS,L,L,63,19,18,37,20,18,0.59,15,31,4,6,0,0,2,108,17.6,14:55,50
Jeff Friesen,20032004,NJD,L,L,81,17,20,37,8,26,0.46,12,26,5,11,0,0,4,177,9.6,15:08,45.2
Vladimir Orszagh,20032004,NSH,L,L,82,16,21,37,-4,74,0.45,12,27,2,6,2,4,3,124,12.9,17:00,25.6
Mike Van Ryn,20032004,FLA,R,D,79,13,24,37,-16,52,0.47,6,18,6,18,1,1,0,136,9.6,24:26:00,33.3
Randy Robitaille,20032004,ATL,L,C,69,11,26,37,-12,20,0.54,6,23,5,14,0,0,2,121,9.1,15:51,50.2
Jozef Stumpel,20032004,LAK,R,L,64,8,29,37,5,16,0.58,4,25,4,10,0,2,0,78,10.3,18:46,49.3
Geoff Sanderson,20032004,"CBJ,VAN",L,L,80,16,20,36,-10,38,0.45,10,24,6,12,0,0,2,227,7,16:05,44
Trevor Linden,20032004,VAN,R,C,82,14,22,36,-6,26,0.44,10,27,4,9,0,0,1,97,14.4,16:17,55.8
Alexei Zhamnov,20032004,"CHI,PHI",L,C,43,11,25,36,-1,28,0.84,10,27,1,8,0,1,1,96,11.5,19:05,48
Paul Kariya,20032004,COL,L,L,51,11,25,36,-5,22,0.71,5,20,5,14,1,2,1,110,10,18:37,27.8
Brian Rafalski,20032004,NJD,R,D,69,6,30,36,6,24,0.52,4,17,2,18,0,1,1,130,4.6,22:48,--
Mark Parrish,20032004,NYI,R,R,59,24,11,35,8,18,0.59,18,28,6,7,0,0,6,105,22.9,17:20,20
Pavel Kubina,20032004,TBL,R,D,81,17,18,35,9,85,0.43,8,22,8,12,1,1,4,153,11.1,21:09,0
Martin Gelinas,20032004,CGY,L,L,76,17,18,35,10,70,0.46,12,28,5,7,0,0,3,139,12.2,14:50,48.1
Sheldon Souray,20032004,MTL,L,D,63,15,20,35,4,104,0.56,8,16,6,17,1,2,3,186,8.1,23:26,--
Derek Armstrong,20032004,LAK,R,C,57,14,21,35,4,33,0.61,9,25,5,10,0,0,1,101,13.9,17:00,52
Dallas Drake,20032004,STL,L,R,79,13,22,35,10,65,0.44,8,26,3,6,2,3,1,121,10.7,16:57,45.6
John Madden,20032004,NJD,L,C,80,12,23,35,7,22,0.44,10,28,1,4,1,3,1,210,5.7,17:17,53.3
Raffi Torres,20032004,EDM,L,L,80,20,14,34,12,65,0.42,15,28,5,6,0,0,3,136,14.7,12:38,28.6
Rico Fata,20032004,PIT,L,L,73,16,18,34,-46,54,0.47,8,18,6,12,2,4,1,163,9.8,17:58,47.1
Alexei Yashin,20032004,NYI,R,C,47,15,19,34,-1,10,0.72,12,21,3,12,0,1,1,148,10.1,17:19,42.8
Mattias Ohlund,20032004,VAN,L,D,82,14,20,34,14,73,0.41,9,25,5,9,0,0,3,129,10.8,25:47:00,--
Jeff O'Neill,20032004,CAR,R,C,67,14,20,34,-12,60,0.51,7,20,7,14,0,0,4,207,6.8,17:29,57.6
Nikolay Zherdev,20032004,CBJ,R,R,57,13,21,34,-11,54,0.6,8,23,5,11,0,0,1,137,9.5,16:11,11.1
Joffrey Lupul,20032004,ANA,R,L,75,13,21,34,-6,28,0.45,9,26,4,8,0,0,2,137,9.5,13:37,9.1
Ales Hemsky,20032004,EDM,R,R,71,12,22,34,-7,14,0.48,8,23,4,11,0,0,3,87,13.8,14:26,33.3
Dmitri Kalinin,20032004,BUF,L,D,77,10,24,34,0,42,0.44,7,18,2,15,1,1,4,118,8.5,23:06,--
John-Michael Liles,20032004,COL,L,D,79,10,24,34,7,28,0.43,8,20,2,14,0,0,1,115,8.7,16:14,--
Todd Marchant,20032004,CBJ,L,C,77,9,25,34,-17,34,0.44,5,21,4,13,0,0,2,163,5.5,20:39,50.9
Scott Hartnell,20032004,NSH,L,L,59,18,15,33,-5,87,0.56,13,20,5,13,0,0,3,154,11.7,16:16,37.5
Sergei Brylin,20032004,NJD,L,L,82,14,19,33,10,20,0.4,7,20,7,11,0,2,1,98,14.3,16:25,46.6
Kirk Maltby,20032004,DET,R,L,79,14,19,33,24,80,0.42,9,25,1,1,4,7,4,123,11.4,16:16,43.3
Viktor Kozlov,20032004,"FLA,NJD",R,C,59,13,20,33,-4,18,0.56,9,19,3,12,1,2,1,143,9.1,18:22,51.6
Eric Belanger,20032004,LAK,L,C,81,13,20,33,-16,44,0.41,12,28,0,3,1,2,2,132,9.8,17:01,53.7
Jan Hrdina,20032004,"PHX,NJD",R,C,68,12,21,33,-6,40,0.49,7,24,5,9,0,0,1,73,16.4,16:59,51.5
Jordan Leopold,20032004,CGY,L,D,82,9,24,33,8,24,0.4,3,16,6,17,0,0,1,138,6.5,22:14,--
Darcy Tucker,20032004,TOR,L,R,64,21,11,32,4,68,0.5,12,19,8,12,1,1,2,146,14.4,17:50,50.7
Ethan Moreau,20032004,EDM,L,L,81,20,12,32,7,96,0.4,17,29,0,0,3,3,5,180,11.1,15:04,44.1
Brian Savage,20032004,"PHX,STL",L,L,74,16,16,32,-8,38,0.43,12,24,4,8,0,0,2,124,12.9,14:39,38.5
Teemu Selanne,20032004,COL,R,R,78,16,16,32,2,32,0.41,9,22,6,9,1,1,4,182,8.8,16:10,43.8
Trevor Letowski,20032004,CBJ,R,R,73,15,17,32,-12,16,0.44,11,26,4,6,0,0,1,126,11.9,16:19,43.8
Greg Johnson,20032004,NSH,L,C,82,14,18,32,-21,33,0.39,9,21,1,5,4,6,4,100,14,17:38,55.1
Chris Gratton,20032004,"PHX,COL",L,C,81,13,19,32,-18,111,0.4,10,27,3,5,0,0,1,150,8.7,15:02,55.7
Nathan Dempsey,20032004,"CHI,LAK",R,D,75,12,20,32,-12,32,0.43,9,19,3,13,0,0,1,183,6.6,23:01,0
Eric Lindros,20032004,NYR,R,C,39,10,22,32,7,60,0.82,7,23,3,9,0,0,0,83,12.1,15:59,54.5
Branko Radivojevic,20032004,"PHX,PHI",R,R,77,10,22,32,-5,72,0.42,7,25,2,6,1,1,2,107,9.3,14:35,36.6
Shawn Bates,20032004,NYI,R,C,69,9,23,32,-8,46,0.46,8,27,0,4,1,1,1,115,7.8,18:26,55.9
Derek Morris,20032004,"COL,PHX",R,D,83,6,26,32,-1,49,0.39,4,19,2,13,0,0,1,167,3.6,21:35,--
Jaroslav Modry,20032004,LAK,L,D,79,5,27,32,11,44,0.41,4,15,1,15,0,2,1,196,2.5,24:11:00,0
Maxim Afinogenov,20032004,BUF,L,R,73,17,14,31,-4,57,0.42,14,25,3,6,0,0,4,148,11.5,13:46,22.2
Ronald Petrovicky,20032004,ATL,R,R,78,16,15,31,-9,123,0.4,16,29,0,2,0,0,1,102,15.7,14:16,40.7
Yanic Perreault,20032004,MTL,L,C,69,16,15,31,-10,40,0.45,11,19,5,12,0,0,3,114,14,13:46,65.2
Sergei Zholtok,20032004,"MIN,NSH",R,C,70,14,17,31,2,19,0.44,11,25,3,6,0,0,3,132,10.6,15:30,47.2
Scott Mellanby,20032004,STL,R,R,68,14,17,31,-7,76,0.46,8,18,6,13,0,0,3,103,13.6,15:29,50
Nik Antropov,20032004,TOR,L,C,62,13,18,31,7,62,0.5,11,27,1,3,1,1,2,89,14.6,15:18,40.8
Eric Staal,20032004,CAR,L,C,81,11,20,31,-6,40,0.38,8,23,2,7,1,1,3,164,6.7,16:40,43
Brett McLean,20032004,CHI,L,C,76,11,20,31,-11,54,0.41,5,19,5,10,1,2,0,125,8.8,17:33,51.1
Kristian Huselius,20032004,FLA,L,L,76,10,21,31,-6,24,0.41,8,23,2,8,0,0,2,168,6,14:14,37.8
Kip Miller,20032004,WSH,L,C,66,9,22,31,-10,8,0.47,3,17,6,14,0,0,2,74,12.2,14:03,47.5
Patrice Brisebois,20032004,MTL,R,D,71,4,27,31,17,22,0.44,2,20,2,11,0,0,0,96,4.2,21:20,--
Tomas Kaberle,20032004,TOR,L,D,71,3,28,31,16,18,0.44,3,19,0,10,0,2,1,88,3.4,23:12,0
Dean McAmmond,20032004,CGY,L,C,64,17,13,30,9,18,0.47,12,19,4,9,1,2,5,101,16.8,16:52,49.1
Fernando Pisani,20032004,EDM,L,R,76,16,14,30,14,46,0.39,11,25,4,4,1,1,1,99,16.2,12:46,20
Tomas Holmstrom,20032004,DET,L,L,67,15,15,30,8,38,0.45,9,17,6,13,0,0,0,74,20.3,12:23,0
Jan Bulis,20032004,MTL,L,C,72,13,17,30,-8,30,0.42,11,25,1,4,1,1,4,147,8.8,17:07,46.6
Sami Kapanen,20032004,PHI,L,R,74,12,18,30,9,14,0.41,11,27,0,2,1,1,2,149,8.1,16:31,44.4
Robert Reichel,20032004,TOR,L,C,69,11,19,30,2,30,0.43,9,19,2,11,0,0,2,100,11,15:30,53.1
Andy McDonald,20032004,ANA,L,L,79,9,21,30,-13,24,0.38,6,20,2,9,1,1,1,162,5.6,16:34,54.3
Ric Jackman,20032004,"TOR,PIT",R,D,54,9,21,30,-16,27,0.56,2,11,7,18,0,1,2,91,9.9,20:53,--
Adam Foote,20032004,COL,R,D,73,8,22,30,13,87,0.41,3,19,5,10,0,1,1,105,7.6,24:03:00,--
Alexander Mogilny,20032004,TOR,L,R,37,8,22,30,9,12,0.81,3,19,4,10,1,1,1,92,8.7,18:29,60
Nick Boynton,20032004,BOS,R,D,81,6,24,30,17,98,0.37,4,19,1,10,1,1,1,178,3.4,22:32,--
Brian Gionta,20032004,NJD,R,R,75,21,8,29,19,36,0.39,21,26,0,3,0,0,8,174,12.1,14:44,58.3
Matthew Lombardi,20032004,CGY,L,C,79,16,13,29,4,32,0.37,11,21,3,6,2,2,4,130,12.3,14:26,47.9
Oleg Saprykin,20032004,CGY,L,L,69,12,17,29,1,41,0.42,8,21,4,8,0,0,0,151,8,13:48,23.1
Stephen Weiss,20032004,FLA,L,C,50,12,17,29,-10,10,0.58,9,18,3,11,0,0,2,82,14.6,17:42,44.9
Stu Barnes,20032004,DAL,R,C,77,11,18,29,7,18,0.38,10,25,0,3,1,1,4,135,8.2,18:05,52.9
Todd White,20032004,OTT,L,C,53,9,20,29,12,22,0.55,7,21,1,7,1,1,2,98,9.2,17:32,52
Wayne Primeau,20032004,SJS,L,C,72,9,20,29,4,90,0.4,8,23,0,2,1,4,1,142,6.3,15:28,46.6
Mike Grier,20032004,"WSH,BUF",R,R,82,9,20,29,-9,36,0.35,7,23,1,4,1,2,0,133,6.8,17:26,47.7
Konstantin Koltsov,20032004,PIT,L,L,82,9,20,29,-30,30,0.35,7,24,2,5,0,0,3,123,7.3,15:21,33.3
Lubomir Visnovsky,20032004,LAK,L,D,58,8,21,29,8,26,0.5,3,12,5,17,0,0,0,114,7,24:02:00,--
Roman Hamrlik,20032004,NYI,L,D,81,7,22,29,2,68,0.36,5,16,2,11,0,2,2,182,3.9,24:35:00,--
Steve Reinprecht,20032004,CGY,L,C,44,7,22,29,1,4,0.66,4,15,3,14,0,0,1,68,10.3,17:05,40
Jim Dowd,20032004,"MIN,MTL",R,C,69,7,22,29,12,44,0.42,4,21,2,7,1,1,2,54,13,13:59,48.2
Kenny Jonsson,20032004,NYI,L,D,79,5,24,29,25,22,0.37,2,17,3,9,0,3,2,106,4.7,22:56,--
Ken Klee,20032004,TOR,R,D,66,4,25,29,-1,36,0.44,1,11,3,17,0,1,1,85,4.7,22:08,100
Frantisek Kaberle,20032004,ATL,L,D,67,3,26,29,2,30,0.43,1,11,2,18,0,0,1,94,3.2,23:20,50
Chris Simon,20032004,"NYR,CGY",L,L,78,17,11,28,15,250,0.36,13,23,4,5,0,0,0,147,11.6,12:43,40
Anson Carter,20032004,"NYR,WSH,LAK",R,R,77,15,13,28,-15,20,0.36,8,17,6,10,1,1,4,114,13.2,16:47,30.7
Rob Niedermayer,20032004,ANA,L,C,55,12,16,28,-6,34,0.51,6,19,6,9,0,0,2,111,10.8,19:28,64.4
Janne Niinimaa,20032004,NYI,L,D,82,9,19,28,12,64,0.34,5,16,4,12,0,0,2,97,9.3,23:15,--
Alexei Ponikarovsky,20032004,TOR,L,L,73,9,19,28,14,44,0.38,8,26,1,1,0,1,2,110,8.2,11:36,30
Sean Avery,20032004,LAK,L,L,76,9,19,28,2,261,0.37,9,28,0,0,0,0,2,125,7.2,11:41,54.8
Andrei Markov,20032004,MTL,L,D,69,6,22,28,-2,20,0.41,4,18,2,10,0,0,0,105,5.7,21:29,50
Steve Staios,20032004,EDM,R,D,82,6,22,28,17,86,0.34,5,19,1,9,0,0,1,153,3.9,23:03,--
Dan McGillis,20032004,BOS,L,D,80,5,23,28,-1,65,0.35,4,19,1,9,0,0,2,117,4.3,19:43,0
Alexei Zhitnik,20032004,BUF,L,D,68,4,24,28,-13,102,0.41,2,13,2,14,0,1,0,134,3,25:01:00,--
Pierre Dagenais,20032004,MTL,L,R,50,17,10,27,15,24,0.54,13,20,4,7,0,0,3,149,11.4,13:53,42.1
Matt Stajan,20032004,TOR,L,C,69,14,13,27,7,22,0.39,14,26,0,0,0,1,0,63,22.2,11:00,38.9
Turner Stevenson,20032004,NJD,R,R,61,14,13,27,0,76,0.44,10,23,4,4,0,0,2,76,18.4,12:42,60
Scott Thornton,20032004,SJS,L,L,80,13,14,27,-6,84,0.34,12,24,1,3,0,0,1,127,10.2,13:57,40.7
Adam Hall,20032004,NSH,R,R,79,13,14,27,-8,37,0.34,7,17,6,8,0,2,1,151,8.6,16:14,56.3
Dainius Zubrus,20032004,WSH,L,C,54,12,15,27,-16,38,0.5,5,13,6,13,1,1,2,115,10.4,19:32,48
Andreas Johansson,20032004,NSH,L,L,47,12,15,27,-2,26,0.57,8,12,3,13,1,2,1,108,11.1,15:48,38.6
Jeff Cowan,20032004,"ATL,LAK",L,L,71,11,16,27,1,92,0.38,9,24,2,3,0,0,1,89,12.4,10:22,27.3
Joni Pitkanen,20032004,PHI,L,D,71,8,19,27,15,44,0.38,3,10,5,17,0,0,2,133,6,16:35,--
Anders Eriksson,20032004,CBJ,L,D,66,7,20,27,-6,18,0.41,5,18,2,9,0,0,1,84,8.3,20:42,--
Ales Kotalik,20032004,BUF,R,R,62,15,11,26,-1,41,0.42,13,23,2,3,0,0,3,142,10.6,15:11,50
Jere Lehtinen,20032004,DAL,R,R,58,13,13,26,0,20,0.45,8,17,4,8,1,1,4,138,9.4,19:27,40
Jay Pandolfo,20032004,NJD,L,L,82,13,13,26,5,14,0.32,10,23,1,1,2,2,4,140,9.3,16:00,44
Antti Laaksonen,20032004,MIN,L,L,77,12,14,26,0,20,0.34,11,23,0,0,1,3,1,100,12,16:03,36.1
Petr Cajanek,20032004,STL,L,C,70,12,14,26,12,16,0.37,9,17,3,9,0,0,4,126,9.5,17:48,47.6
Pascal Dupuis,20032004,MIN,L,R,59,11,15,26,5,20,0.44,9,20,2,5,0,1,1,127,8.7,15:48,45.7
Jamie Langenbrunner,20032004,NJD,R,R,53,10,16,26,9,43,0.49,7,19,1,5,2,2,2,130,7.7,16:01,51.6
Martin Straka,20032004,"PIT,LAK",L,C,54,10,16,26,-25,20,0.48,7,15,2,10,1,1,0,68,14.7,18:43,42.2
Marc-Andre Bergeron,20032004,EDM,L,D,54,9,17,26,13,26,0.48,6,16,3,10,0,0,0,105,8.6,17:39,--
Sami Salo,20032004,VAN,R,D,74,7,19,26,8,22,0.35,2,10,5,15,0,1,2,143,4.9,22:14,100
Dan Hamhuis,20032004,NSH,L,D,80,7,19,26,-12,57,0.33,5,17,2,8,0,1,4,115,6.1,22:08,--
Mike Ricci,20032004,SJS,L,C,71,7,19,26,8,40,0.37,5,20,2,6,0,0,0,48,14.6,14:21,54.8
Andrew Cassels,20032004,CBJ,L,C,58,6,20,26,-24,26,0.45,4,10,2,15,0,1,0,91,6.6,19:18,45.1
Jiri Slegr,20032004,"VAN,BOS",L,D,52,6,20,26,11,35,0.5,4,18,1,7,1,1,2,98,6.1,17:39,--
Niclas Havelid,20032004,ANA,L,D,79,6,20,26,-28,28,0.33,1,5,5,21,0,0,3,122,4.9,22:39,--
Jan Hlavac,20032004,NYR,L,L,72,5,21,26,-8,16,0.36,3,20,2,6,0,0,0,125,4,13:52,42.9
Martin Lapointe,20032004,BOS,R,R,78,15,10,25,-5,67,0.32,6,13,9,12,0,0,2,136,11,14:26,51.5
Juraj Kolnik,20032004,FLA,R,R,53,14,11,25,-7,14,0.47,12,19,2,5,0,1,1,100,14,16:05,64
Richard Park,20032004,MIN,R,R,73,13,12,25,0,28,0.34,9,17,4,8,0,0,1,142,9.2,16:30,40.1
Dany Heatley,20032004,ATL,L,L,31,13,12,25,-8,18,0.81,8,13,5,12,0,0,3,83,15.7,19:53,24.4
Manny Malhotra,20032004,"DAL,CBJ",L,C,65,12,13,25,-7,28,0.38,11,20,1,5,0,0,2,107,11.2,13:49,53.9
Wes Walz,20032004,MIN,R,C,57,12,13,25,5,32,0.44,9,22,0,0,3,3,2,70,17.1,16:18,46.3
Mikael Renberg,20032004,TOR,L,R,59,12,13,25,-1,50,0.42,10,18,2,7,0,0,1,88,13.6,13:16,25
Radim Vrbata,20032004,CAR,R,R,80,12,13,25,-10,24,0.31,8,19,4,6,0,0,2,195,6.2,13:42,38.1
Curtis Brown,20032004,"BUF,SJS",L,C,80,11,14,25,3,36,0.31,8,20,2,3,1,2,2,138,8,16:35,51.2
Serge Aubin,20032004,ATL,L,C,66,10,15,25,0,73,0.38,9,22,1,2,0,1,2,97,10.3,16:00,49.1
Chris Clark,20032004,CGY,R,R,82,10,15,25,-3,106,0.3,6,18,4,6,0,1,2,137,7.3,14:05,36.1
Dave Scatchard,20032004,NYI,R,C,61,9,16,25,12,78,0.41,7,22,1,1,1,2,1,111,8.1,16:13,52.7
Joe Corvo,20032004,LAK,R,D,72,8,17,25,7,36,0.35,8,21,0,4,0,0,3,150,5.3,21:09,0
Eric Brewer,20032004,EDM,L,D,77,7,18,25,-6,67,0.32,4,13,3,10,0,2,1,135,5.2,24:40:00,--
Martin Skoula,20032004,"COL,ANA",L,D,79,4,21,25,5,32,0.32,3,16,1,9,0,0,0,84,4.8,18:23,0
Mike Sillinger,20032004,"PHX,STL",R,C,76,13,11,24,-10,68,0.32,11,20,0,1,2,3,0,106,12.3,16:22,56.8
Mike Comrie,20032004,"PHI,PHX",L,C,49,12,12,24,-6,28,0.49,10,14,1,8,1,2,2,101,11.9,15:42,50.5
Arron Asham,20032004,NYI,R,R,79,12,12,24,-12,92,0.3,11,21,1,3,0,0,0,108,11.1,13:13,34.8
Marcus Nilson,20032004,"FLA,CGY",R,L,83,11,13,24,-6,40,0.29,8,18,2,5,1,1,3,133,8.3,15:43,44.8
Tom Poti,20032004,NYR,L,D,67,10,14,24,-1,47,0.36,6,16,4,8,0,0,5,124,8.1,22:28,--
Cliff Ronning,20032004,NYI,L,C,40,9,15,24,3,2,0.6,7,14,2,10,0,0,0,55,16.4,11:56,45.4
Cliff Ronning,20032004,NYI,L,C,40,9,15,24,3,2,0.6,7,14,2,10,0,0,0,55,16.4,11:56,45.4
Niko Dimitrakos,20032004,SJS,R,R,68,9,15,24,6,49,0.35,7,17,2,7,0,0,4,116,7.8,13:20,50
Philippe Boucher,20032004,DAL,R,D,70,8,16,24,15,64,0.34,6,19,2,5,0,0,2,134,6,22:24,--
Bret Hedican,20032004,CAR,L,D,81,7,17,24,-10,64,0.3,5,15,2,7,0,2,3,112,6.3,22:35,--
Paul Martin,20032004,NJD,L,D,70,6,18,24,12,4,0.34,4,14,2,10,0,0,2,82,7.3,20:08,--
Drake Berehowsky,20032004,"PIT,TOR",R,D,56,6,18,24,-11,67,0.43,3,9,3,15,0,0,0,70,8.6,20:25,--
Filip Kuba,20032004,MIN,L,D,77,5,19,24,-7,28,0.31,2,10,2,13,1,1,2,114,4.4,24:06:00,0
Kyle McLaren,20032004,SJS,L,D,64,2,22,24,10,60,0.38,1,17,0,5,1,2,0,67,3,21:01,0
Matt Cooke,20032004,VAN,L,L,53,11,12,23,5,73,0.43,9,19,1,2,1,2,4,79,13.9,14:06,52.9
Tomas Surovy,20032004,PIT,L,L,47,11,12,23,-8,16,0.49,8,17,3,6,0,0,1,112,9.8,12:28,25
Niklas Hagman,20032004,FLA,L,L,75,10,13,23,-5,22,0.31,9,21,0,1,1,1,2,122,8.2,14:47,21.1
Ed Jovanovski,20032004,VAN,L,D,56,7,16,23,2,64,0.41,5,17,2,6,0,0,1,143,4.9,23:11,--
Chris Phillips,20032004,OTT,L,D,82,7,16,23,15,46,0.28,7,20,0,3,0,0,1,93,7.5,20:50,100
Nathan Horton,20032004,FLA,R,R,55,14,8,22,-5,57,0.4,7,13,6,8,1,1,0,81,17.3,13:20,41.9
Steve Thomas,20032004,DET,L,R,44,10,12,22,8,25,0.5,10,21,0,1,0,0,3,80,12.5,12:45,28.6
Alexander Semin,20032004,WSH,R,R,52,10,12,22,-2,36,0.42,6,10,4,12,0,0,2,92,10.9,12:37,50
Ian Laperriere,20032004,LAK,R,R,62,10,12,22,-4,58,0.35,9,20,1,1,0,1,3,59,16.9,15:50,54
Kevyn Adams,20032004,CAR,R,C,73,10,12,22,6,43,0.3,5,17,0,0,5,5,1,141,7.1,13:17,51.9
Tom Kostopoulos,20032004,PIT,R,R,60,9,13,22,-14,67,0.37,6,16,2,5,1,1,1,101,8.9,14:26,30
Lasse Pirjeta,20032004,"CBJ,PIT",L,L,70,8,14,22,-3,20,0.31,7,16,1,6,0,0,1,111,7.2,11:26,50.1
Jason Wiemer,20032004,"NYI,MIN",L,C,75,8,14,22,-7,130,0.29,7,17,1,5,0,0,0,103,7.8,13:32,44.6
Samuel Pahlsson,20032004,ANA,L,C,82,8,14,22,-2,52,0.27,7,19,1,1,0,2,2,134,6,16:51,55.3
Brian Holzinger,20032004,"PIT,CBJ",R,C,74,7,15,22,-31,40,0.3,5,16,1,5,1,1,1,96,7.3,16:34,48.6
Keith Primeau,20032004,PHI,L,C,54,7,15,22,11,80,0.41,6,21,0,0,1,1,2,86,8.1,16:36,53.3
Tim Taylor,20032004,TBL,L,C,82,7,15,22,-5,25,0.27,7,20,0,0,0,2,1,95,7.4,12:54,59.6
Jaroslav Spacek,20032004,CBJ,L,D,58,5,17,22,-13,45,0.38,2,11,2,10,1,1,2,108,4.6,23:26,--
Pierre-Marc Bouchard,20032004,MIN,L,C,61,4,18,22,-7,22,0.36,2,13,2,9,0,0,0,60,6.7,14:00,50
Darryl Sydor,20032004,"CBJ,TBL",L,D,80,3,19,22,-16,32,0.28,2,13,1,9,0,0,0,122,2.5,20:49,0
Jason King,20032004,VAN,L,R,47,12,9,21,0,8,0.45,6,14,6,7,0,0,1,107,11.2,12:43,66.7
Marc Chouinard,20032004,MIN,R,C,45,11,10,21,4,17,0.47,7,16,3,4,1,1,2,70,15.7,15:58,53.6
Jarret Stoll,20032004,EDM,R,C,68,10,11,21,8,42,0.31,8,18,1,2,1,1,2,107,9.3,13:54,54.1
Donald Audette,20032004,"MTL,FLA",R,R,51,9,12,21,-13,38,0.41,4,11,5,10,0,0,0,107,8.4,14:53,50
Mark Rycroft,20032004,STL,R,R,71,9,12,21,2,32,0.3,9,20,0,1,0,0,0,110,8.2,14:23,63.6
Denis Arkhipov,20032004,NSH,L,C,72,9,12,21,-2,22,0.29,6,15,3,6,0,0,3,91,9.9,13:58,44.7
Andrei Zyuzin,20032004,MIN,L,D,65,8,13,21,4,48,0.32,4,13,4,8,0,0,1,104,7.7,20:22,--
Andy Sutton,20032004,ATL,L,D,65,8,13,21,0,94,0.32,0,8,7,12,1,1,1,102,7.8,23:21,0
Radoslav Suchy,20032004,PHX,L,D,82,7,14,21,1,8,0.26,5,14,2,7,0,0,2,82,8.5,19:40,100
Cory Cross,20032004,EDM,L,D,68,7,14,21,9,56,0.31,6,17,1,4,0,0,1,83,8.4,19:14,--
Scott Hannan,20032004,SJS,L,D,82,6,15,21,10,48,0.26,6,19,0,2,0,0,0,114,5.3,23:41,--
Ville Nieminen,20032004,"CHI,CGY",L,L,79,5,16,21,-9,58,0.27,4,17,1,4,0,0,1,83,6,12:26,11.1
Karel Rachunek,20032004,"OTT,NYR",R,D,72,2,19,21,8,33,0.29,1,11,1,10,0,0,0,120,1.7,19:37,--
Chris Chelios,20032004,DET,R,D,69,2,19,21,12,61,0.3,2,21,0,0,0,0,0,113,1.8,21:21,--
Richard Matvichuk,20032004,DAL,L,D,75,1,20,21,0,36,0.28,1,13,0,7,0,1,1,85,1.2,21:50,50
Taylor Pyatt,20032004,BUF,L,L,63,8,12,20,-7,25,0.32,5,17,1,1,2,2,4,98,8.2,15:36,26.3
Niklas Sundstrom,20032004,MTL,L,R,66,8,12,20,3,18,0.3,8,18,0,1,0,1,2,67,11.9,14:17,15
Mattias Weinhandl,20032004,NYI,R,R,55,8,12,20,9,26,0.36,4,12,4,8,0,0,2,49,16.3,12:20,33.3
Eric Nickulas,20032004,"STL,CHI",R,R,65,8,12,20,-8,52,0.31,7,15,1,5,0,0,1,121,6.6,13:08,38.1
Tie Domi,20032004,TOR,R,R,80,7,13,20,-2,208,0.25,6,19,1,1,0,0,0,84,8.3,11:12,0
P.J. Axelsson,20032004,BOS,L,L,68,6,14,20,2,42,0.29,6,19,0,0,0,1,1,107,5.6,16:19,15.4
Adam Mair,20032004,BUF,R,C,81,6,14,20,-3,146,0.25,5,19,1,1,0,0,1,82,7.3,9:38,45.9
Daniel Tjarnqvist,20032004,ATL,L,D,68,5,15,20,-4,20,0.29,3,15,0,2,2,3,1,65,7.7,22:17,25
Toni Lydman,20032004,CGY,L,D,67,4,16,20,6,30,0.3,2,5,2,14,0,1,1,93,4.3,21:13,--
Cale Hulse,20032004,PHX,R,D,82,3,17,20,-4,123,0.24,2,18,1,2,0,0,0,115,2.6,21:28,--
Jay Bouwmeester,20032004,FLA,L,D,61,2,18,20,-15,30,0.33,2,10,0,9,0,1,0,85,2.4,23:02,--
Artem Chubarov,20032004,VAN,L,C,65,12,7,19,1,14,0.29,10,17,1,1,1,1,3,93,12.9,14:05,53.3
Derek Roy,20032004,BUF,L,C,49,9,10,19,-8,12,0.39,8,15,1,4,0,0,4,71,12.7,15:19,47.4
Jason Smith,20032004,EDM,R,D,68,7,12,19,13,98,0.28,6,18,0,0,1,1,1,84,8.3,21:22,50
Danny Markov,20032004,"CAR,PHI",L,D,78,6,13,19,-6,95,0.24,3,12,3,7,0,0,2,100,6,22:37,--
Matt Cullen,20032004,FLA,L,C,56,6,13,19,-2,24,0.34,5,15,1,2,0,2,2,75,8,14:12,50.6
Brad Lukowich,20032004,TBL,L,D,79,5,14,19,29,24,0.24,5,17,0,2,0,0,1,86,5.8,18:45,0
Eric Weinrich,20032004,"PHI,STL",L,D,80,4,15,19,12,46,0.24,2,15,2,3,0,1,1,83,4.8,21:33,--
Mike Eastwood,20032004,PIT,R,C,82,4,15,19,-18,40,0.23,4,17,0,0,0,2,1,55,7.3,13:57,51.5
Jiri Fischer,20032004,DET,L,D,81,4,15,19,0,75,0.23,3,16,1,1,0,2,0,115,3.5,18:30,--
Jason Woolley,20032004,DET,L,D,55,4,15,19,19,28,0.35,4,13,0,6,0,0,1,60,6.7,15:42,50
Vladimir Malakhov,20032004,"NYR,PHI",L,D,62,3,16,19,-6,55,0.31,2,11,1,6,0,2,0,95,3.2,19:56,100
Marek Malik,20032004,VAN,L,D,78,3,16,19,35,45,0.24,3,15,0,3,0,1,0,61,4.9,18:05,0
Cory Sarich,20032004,TBL,R,D,82,3,16,19,5,89,0.23,2,17,0,0,1,2,1,93,3.2,18:31,0
Tom Preissing,20032004,SJS,R,D,69,2,17,19,8,12,0.28,0,9,2,10,0,0,1,89,2.3,18:12,--
Mike Rathje,20032004,SJS,L,D,80,2,17,19,18,46,0.24,1,10,0,5,1,4,0,105,1.9,23:27,--
Karel Pilar,20032004,TOR,R,D,50,2,17,19,2,22,0.38,1,11,1,8,0,0,1,74,2.7,18:03,--
Brad Isbister,20032004,EDM,R,L,51,10,8,18,-2,54,0.35,9,17,1,1,0,0,2,80,12.5,12:46,56.4
Jean-Pierre Vigier,20032004,ATL,R,R,70,10,8,18,-18,22,0.26,6,10,2,5,2,3,3,110,9.1,14:36,47.2
Tyler Wright,20032004,CBJ,R,C,68,9,9,18,-19,63,0.26,7,15,2,3,0,0,3,109,8.3,14:34,43.7
Jeff Taffe,20032004,PHX,L,L,59,8,10,18,-8,20,0.31,3,8,5,10,0,0,0,67,11.9,11:02,43.4
Jon Sim,20032004,"LAK,PIT",L,L,63,8,10,18,-4,33,0.29,8,17,0,1,0,0,2,100,8,10:53,31.6
Scott Nichol,20032004,CHI,R,C,75,7,11,18,-16,145,0.24,7,18,0,0,0,0,1,112,6.3,15:46,57.4
Jason Krog,20032004,ANA,R,C,80,6,12,18,-4,16,0.23,5,15,1,3,0,0,1,111,5.4,11:58,58.5
Christian Backman,20032004,STL,L,D,66,5,13,18,3,16,0.27,4,13,1,5,0,0,0,92,5.4,19:20,--
Igor Ulanov,20032004,EDM,L,D,42,5,13,18,19,28,0.43,4,14,1,4,0,0,3,49,10.2,19:51,--
Robyn Regehr,20032004,CGY,L,D,82,4,14,18,14,74,0.22,2,9,2,7,0,2,1,106,3.8,22:21,50
Adam Oates,20032004,EDM,R,C,60,2,16,18,0,8,0.3,1,8,1,10,0,0,1,32,6.3,14:30,57.2
Stanislav Chistov,20032004,ANA,R,R,56,2,16,18,-16,26,0.32,0,6,2,12,0,0,0,70,2.9,12:20,0
Francis Bouillon,20032004,MTL,L,D,73,2,16,18,1,70,0.25,2,13,0,5,0,0,0,86,2.3,19:39,--
Rem Murray,20032004,NSH,L,L,39,8,9,17,-1,12,0.44,6,13,0,1,2,3,1,58,13.8,16:37,46.1
Mike Keane,20032004,VAN,R,R,64,8,9,17,7,20,0.27,8,14,0,0,0,3,2,41,19.5,11:11,34.7
Josh Langfeld,20032004,OTT,R,R,38,7,10,17,6,16,0.45,5,14,2,3,0,0,2,59,11.9,10:53,80
Craig Adams,20032004,CAR,R,R,80,7,10,17,-5,69,0.21,6,16,0,0,1,1,0,110,6.4,13:41,45
Tom Fitzgerald,20032004,TOR,R,R,69,7,10,17,-2,52,0.25,6,16,1,1,0,0,1,81,8.6,12:23,53
Daniel Cleary,20032004,PHX,L,R,68,6,11,17,-8,42,0.25,3,13,0,1,3,3,0,83,7.2,13:12,39.2
Chuck Kobasew,20032004,CGY,R,R,70,6,11,17,-12,51,0.24,3,10,3,7,0,0,0,78,7.7,10:22,42.9
Georges Laraque,20032004,EDM,R,R,66,6,11,17,7,99,0.26,5,14,1,3,0,0,1,54,11.1,9:22,--
Jim Vandermeer,20032004,"PHI,CHI",L,D,46,5,12,17,-11,83,0.37,3,10,1,6,1,1,1,61,8.2,18:55,100
Jeff Jillson,20032004,"BOS,BUF",R,D,64,4,13,17,-4,54,0.27,3,13,1,4,0,0,1,115,3.5,17:59,--
Stephane Yelle,20032004,CGY,L,C,53,4,13,17,1,24,0.32,3,11,1,5,0,1,0,76,5.3,15:48,56.6
Rhett Warrener,20032004,CGY,R,D,77,3,14,17,8,97,0.22,2,12,0,2,1,3,1,82,3.7,19:52,0
Teppo Numminen,20032004,DAL,R,D,62,3,14,17,-5,18,0.27,3,10,0,7,0,0,0,83,3.6,21:40,100
Travis Green,20032004,BOS,R,C,64,11,5,16,-6,67,0.25,9,13,2,2,0,1,2,104,10.6,15:17,55.6
Scott Young,20032004,DAL,R,R,53,8,8,16,-15,14,0.3,6,9,2,7,0,0,2,134,6,14:45,20
Chris Neil,20032004,OTT,R,R,82,8,8,16,13,194,0.2,8,15,0,1,0,0,1,76,10.5,8:51,42.9
Marcus Ragnarsson,20032004,PHI,L,D,70,7,9,16,12,58,0.23,5,10,2,6,0,0,2,82,8.5,20:55,--
Marcus Ragnarsson,20032004,PHI,L,D,70,7,9,16,12,58,0.23,5,10,2,6,0,0,2,82,8.5,20:55,--
Vitaly Vishnevski,20032004,ANA,L,D,73,6,10,16,0,51,0.22,6,16,0,0,0,0,0,86,7,17:10,--
Dimitri Afanasenkov,20032004,TBL,R,L,71,6,10,16,-4,12,0.23,6,14,0,2,0,0,1,98,6.1,12:21,0
Nick Schultz,20032004,MIN,L,D,79,6,10,16,12,16,0.2,5,12,1,3,0,1,0,72,8.3,20:19,--
Martin Strbak,20032004,"LAK,PIT",L,D,49,5,11,16,-10,46,0.33,5,12,0,4,0,0,1,54,9.3,19:29,50
Sandis Ozolinsh,20032004,ANA,L,D,36,5,11,16,-7,24,0.44,4,10,1,6,0,0,2,58,8.6,19:57,--
Lyle Odelein,20032004,FLA,L,D,82,4,12,16,-7,88,0.2,2,10,2,5,0,1,0,67,6,18:53,100
Andrew Ference,20032004,CGY,L,D,72,4,12,16,5,53,0.22,3,11,1,5,0,0,0,86,4.7,18:40,--
Greg De Vries,20032004,"NYR,OTT",L,D,66,3,13,16,12,43,0.24,3,13,0,2,0,1,0,70,4.3,18:47,--
Pavel Trnka,20032004,FLA,L,D,67,3,13,16,2,51,0.24,2,11,1,4,0,1,0,66,4.5,17:07,--
Boris Mironov,20032004,NYR,R,D,75,3,13,16,1,86,0.21,2,12,1,4,0,0,1,129,2.3,20:37,0
Denis Gauthier,20032004,CGY,L,D,80,1,15,16,4,113,0.2,1,13,0,2,0,1,0,90,1.1,18:43,--
Brian Willsie,20032004,WSH,R,R,49,10,5,15,-7,18,0.31,8,12,1,2,1,1,1,85,11.8,12:42,34.8
Steve Begin,20032004,MTL,L,L,52,10,5,15,6,41,0.29,9,14,0,0,1,1,1,91,11,12:32,48.6
Michael Cammalleri,20032004,LAK,L,L,31,9,6,15,1,20,0.48,7,10,2,5,0,0,2,53,17,13:18,53.6
Magnus Arvedson,20032004,VAN,R,L,41,8,7,15,7,12,0.37,6,13,2,2,0,0,4,54,14.8,14:30,20
Grant Marshall,20032004,NJD,R,R,65,8,7,15,-9,67,0.23,3,9,5,6,0,0,2,76,10.5,12:53,40
Boyd Devereaux,20032004,DET,L,C,61,6,9,15,-1,20,0.25,6,14,0,1,0,0,2,62,9.7,9:58,50
Joe Juneau,20032004,MTL,L,C,70,5,10,15,-4,20,0.21,2,10,2,3,1,2,1,76,6.6,15:47,50.9
Ruslan Salei,20032004,ANA,L,D,82,4,11,15,-1,110,0.18,3,14,0,0,1,1,2,145,2.8,23:42,--
Jason York,20032004,NSH,R,D,67,2,13,15,-4,64,0.22,2,7,0,4,0,4,1,80,2.5,21:17,0
Antoine Vermette,20032004,OTT,L,C,57,7,7,14,5,16,0.25,6,12,0,0,1,2,0,63,11.1,11:59,44
Jarkko Ruutu,20032004,VAN,L,L,71,6,8,14,-13,133,0.2,5,11,1,2,0,1,0,70,8.6,11:29,30
Radovan Somik,20032004,PHI,R,R,53,4,10,14,-2,17,0.26,4,14,0,0,0,0,0,41,9.8,11:01,59.4
Josef Boumedienne,20032004,WSH,L,D,37,2,12,14,-10,30,0.38,0,3,2,11,0,0,0,44,4.5,23:02,--
Mattias Norstrom,20032004,LAK,L,D,74,1,13,14,-3,44,0.19,1,11,0,2,0,1,0,65,1.5,22:26,100
Willie Mitchell,20032004,MIN,L,D,70,1,13,14,12,83,0.2,1,10,0,2,0,2,0,58,1.7,22:36,50
Michael Nylander,20032004,"WSH,BOS",L,C,18,1,13,14,4,22,0.78,1,10,0,4,0,0,1,30,3.3,15:35,47.3
Justin Papineau,20032004,NYI,L,C,64,8,5,13,4,8,0.2,3,8,5,5,0,0,2,44,18.2,7:42,38.8
Fredrik Sjostrom,20032004,PHX,L,L,57,7,6,13,-7,22,0.23,7,13,0,0,0,0,1,73,9.6,11:35,28.6
Erik Rasmussen,20032004,NJD,L,C,69,7,6,13,5,41,0.19,7,12,0,1,0,0,0,68,10.3,11:34,44.4
Jason Williams,20032004,DET,R,C,49,6,7,13,1,15,0.27,6,13,0,0,0,0,0,44,13.6,9:27,49.2
Donald Brashear,20032004,PHI,L,L,64,6,7,13,-1,212,0.2,6,13,0,0,0,0,0,72,8.3,11:02,38.9
Karlis Skrastins,20032004,COL,L,D,82,5,8,13,18,26,0.16,4,11,0,1,1,1,1,102,4.9,21:49,--
Mark Eaton,20032004,NSH,L,D,75,4,9,13,16,26,0.17,4,10,0,0,0,3,1,82,4.9,20:56,--
Mathieu Biron,20032004,FLA,R,D,57,3,10,13,-13,51,0.23,3,13,0,0,0,0,1,75,4,18:13,--
Stephane Robidas,20032004,"DAL,CHI",R,D,59,3,10,13,4,41,0.22,1,10,1,2,1,1,1,63,4.8,19:02,100
Igor Korolev,20032004,CHI,L,C,62,3,10,13,-15,22,0.21,3,11,0,1,0,1,1,38,7.9,11:11,47.2
Rostislav Klesla,20032004,CBJ,L,D,47,2,11,13,-16,27,0.28,2,8,0,5,0,0,1,74,2.7,18:19,--
Colin White,20032004,NJD,L,D,75,2,11,13,10,96,0.17,2,12,0,1,0,0,0,61,3.3,21:02,--
Matt Pettinger,20032004,WSH,L,L,71,7,5,12,-9,37,0.17,6,11,1,1,0,0,1,92,7.6,11:25,44.4
David Oliver,20032004,DAL,R,R,36,7,5,12,6,12,0.33,4,9,3,3,0,0,1,30,23.3,9:51,100
Michael Danton,20032004,STL,R,C,68,7,5,12,-8,141,0.18,6,9,0,2,1,1,0,72,9.7,11:57,28.1
Mike Rupp,20032004,"NJD,PHX",L,L,57,6,6,12,-4,47,0.21,5,10,1,2,0,0,1,76,7.9,11:18,49.8
Chris Taylor,20032004,BUF,L,C,54,6,6,12,-2,22,0.22,6,12,0,0,0,0,0,50,12,10:10,51
Joel Kwiatkowski,20032004,WSH,L,D,80,6,6,12,-28,89,0.15,4,9,2,3,0,0,0,90,6.7,21:16,--
Marty Murray,20032004,CAR,L,C,66,5,7,12,6,8,0.18,5,10,0,1,0,1,0,56,8.9,11:49,52.8
Steve Moore,20032004,COL,R,C,57,5,7,12,-5,37,0.21,5,11,0,0,0,1,1,52,9.6,13:06,40.3
David Tanabe,20032004,PHX,R,D,45,5,7,12,4,22,0.27,3,6,2,6,0,0,2,88,5.7,23:02,--
Andrei Nikolishin,20032004,COL,L,C,49,5,7,12,3,24,0.24,4,9,1,2,0,1,0,71,7,16:17,58.1
Jason Ward,20032004,MTL,R,R,53,5,7,12,3,21,0.23,3,8,2,3,0,1,1,56,8.9,12:39,41.8
Craig Rivet,20032004,MTL,R,D,80,4,8,12,-1,98,0.15,2,9,2,3,0,0,1,96,4.2,19:28,--
Andreas Dackell,20032004,MTL,R,R,60,4,8,12,8,10,0.2,4,10,0,0,0,2,0,50,8,15:21,25
Jason Chimera,20032004,EDM,L,L,60,4,8,12,-1,57,0.2,4,11,0,1,0,0,1,79,5.1,10:07,31.8
Mathieu Dandenault,20032004,DET,R,R,65,3,9,12,9,40,0.18,2,10,0,1,1,1,0,68,4.4,13:47,0
Scott Stevens,20032004,NJD,L,D,38,3,9,12,3,22,0.32,2,10,1,1,0,1,1,68,4.4,24:01:00,--
Steve Ott,20032004,DAL,L,C,73,2,10,12,-2,152,0.16,2,10,0,2,0,0,1,74,2.7,10:14,49.1
Shaun Van Allen,20032004,OTT,L,C,73,2,10,12,6,80,0.16,1,10,0,0,1,2,0,41,4.9,11:29,52.3
Brendan Witt,20032004,WSH,L,D,72,2,10,12,-22,123,0.17,2,11,0,0,0,1,0,91,2.2,22:48,66.7
Eric Desjardins,20032004,PHI,R,D,48,1,11,12,11,28,0.25,1,8,0,3,0,1,0,92,1.1,22:29,0
Christian Ehrhoff,20032004,SJS,L,D,41,1,11,12,4,14,0.29,1,8,0,4,0,0,1,58,1.7,15:23,--
Jamal Mayers,20032004,STL,R,R,80,6,5,11,-19,91,0.14,5,9,0,0,1,2,3,130,4.6,13:01,48.6
Ted Donato,20032004,BOS,L,L,63,6,5,11,2,18,0.17,3,6,0,0,3,5,1,35,17.1,9:16,49
Trent Whitfield,20032004,WSH,L,C,44,6,5,11,-2,14,0.25,5,10,0,0,1,1,2,38,15.8,12:48,55.4
Darren McCarty,20032004,DET,R,R,43,6,5,11,2,50,0.26,5,10,1,1,0,0,0,61,9.8,12:20,50.4
Josh Green,20032004,"CGY,NYR",L,C,50,5,6,11,-3,32,0.22,5,11,0,0,0,0,1,76,6.6,12:08,35.4
Byron Ritchie,20032004,FLA,L,C,50,5,6,11,-10,84,0.22,5,10,0,0,0,1,2,65,7.7,13:54,48.8
Scott Barney,20032004,LAK,R,C,19,5,6,11,3,4,0.58,3,8,2,3,0,0,0,31,16.1,11:12,14.3
Brad May,20032004,VAN,L,L,70,5,6,11,-2,137,0.16,5,10,0,1,0,0,0,75,6.7,8:56,50
Ryan Johnson,20032004,STL,L,C,69,4,7,11,-2,8,0.16,3,9,0,0,1,2,1,36,11.1,9:54,53.6
James Patrick,20032004,BUF,R,D,55,4,7,11,11,12,0.2,4,10,0,1,0,0,1,44,9.1,18:59,--
Igor Radulov,20032004,CHI,L,L,36,4,7,11,-2,18,0.31,4,10,0,1,0,0,0,47,8.5,12:15,--
Bates Battaglia,20032004,"COL,WSH",L,L,70,4,7,11,-24,42,0.16,4,10,0,1,0,0,1,70,5.7,13:29,33.3
Eric Daze,20032004,CHI,L,L,19,4,7,11,-7,0,0.58,3,7,1,4,0,0,0,76,5.3,18:56,0
Deron Quint,20032004,CHI,L,D,51,4,7,11,-26,18,0.22,2,8,2,3,0,0,0,72,5.6,18:08,--
Rory Fitzpatrick,20032004,BUF,R,D,60,4,7,11,-5,44,0.18,2,7,2,4,0,0,2,78,5.1,19:02,100
Dan Hinote,20032004,COL,R,R,59,4,7,11,-6,57,0.19,2,9,0,0,2,2,0,53,7.5,12:42,48.3
Mark Mowers,20032004,DET,R,R,52,3,8,11,3,4,0.21,2,10,1,1,0,0,1,48,6.3,10:27,47.8
Esa Pirnes,20032004,LAK,L,C,57,3,8,11,-9,12,0.19,2,9,0,1,1,1,0,57,5.3,11:45,45.4
Brian Campbell,20032004,BUF,L,D,53,3,8,11,-8,12,0.21,3,10,0,1,0,0,0,45,6.7,16:02,--
Alexander Svitov,20032004,"TBL,CBJ",L,C,40,2,9,11,-8,20,0.28,2,10,0,1,0,0,0,52,3.9,11:43,46.2
Jason Doig,20032004,WSH,R,D,65,2,9,11,-12,105,0.17,2,11,0,0,0,0,0,59,3.4,19:09,--
Craig Johnson,20032004,"ANA,TOR,WSH",L,L,64,2,9,11,-10,28,0.17,2,11,0,0,0,0,0,77,2.6,12:32,54.8
Marc Bergevin,20032004,"PIT,VAN",L,D,61,1,10,11,-6,29,0.18,1,11,0,0,0,0,0,30,3.3,16:02,--
Sean O'Donnell,20032004,BOS,L,D,82,1,10,11,10,110,0.13,1,7,0,0,0,4,0,72,1.4,20:36,33.3
Igor Larionov,20032004,NJD,L,C,49,1,10,11,3,20,0.22,1,6,0,5,0,0,0,25,4,12:06,50.6
Don Sweeney,20032004,DAL,L,D,63,0,11,11,22,18,0.17,0,10,0,0,0,1,0,39,0,15:53,--
Eric Chouinard,20032004,"PHI,MIN",L,C,48,6,4,10,-10,6,0.21,6,9,0,1,0,0,1,60,10,11:37,45.3
Landon Wilson,20032004,"PHX,PIT",R,R,54,6,4,10,-3,47,0.19,4,8,2,2,0,0,0,76,7.9,10:22,30.4
Eric Boguniecki,20032004,STL,R,C,27,6,4,10,-1,20,0.37,4,7,2,3,0,0,2,40,15,14:42,0
Vaclav Varada,20032004,OTT,L,R,30,5,5,10,2,26,0.33,5,10,0,0,0,0,1,47,10.6,14:21,35.7
Shayne Corson,20032004,DAL,L,L,17,5,5,10,12,29,0.59,4,9,0,0,1,1,1,21,23.8,13:31,43.5
Krys Kolanos,20032004,PHX,R,C,41,4,6,10,-9,24,0.24,3,6,1,4,0,0,1,61,6.6,13:31,43.8
Mike Fisher,20032004,OTT,R,C,24,4,6,10,-3,39,0.42,3,9,1,1,0,0,0,47,8.5,17:26,42
Eric Meloche,20032004,PIT,R,R,25,3,7,10,-6,20,0.4,3,8,0,0,0,2,0,28,10.7,14:47,39.1
Alexander Khavanov,20032004,STL,L,D,48,3,7,10,2,18,0.21,1,6,2,4,0,0,0,62,4.8,19:20,0
Niclas Wallin,20032004,CAR,L,D,57,3,7,10,-8,51,0.18,3,8,0,1,0,1,0,74,4,18:40,--
Ivan Majesky,20032004,ATL,R,D,63,3,7,10,-7,76,0.16,3,10,0,0,0,0,0,35,8.6,14:28,50
Ben Clymer,20032004,TBL,R,R,66,2,8,10,5,50,0.15,2,10,0,0,0,0,0,96,2.1,9:48,28
Jamie Lundmark,20032004,NYR,R,C,56,2,8,10,-8,33,0.18,2,8,0,2,0,0,1,68,2.9,12:46,40.4
Yannick Tremblay,20032004,ATL,R,D,38,2,8,10,-13,13,0.26,1,7,1,3,0,0,1,47,4.3,21:36,50
Ben Clymer,20032004,TBL,R,R,66,2,8,10,5,50,0.15,2,10,0,0,0,0,0,96,2.1,9:48,28
Chris Therien,20032004,"PHI,DAL",L,D,67,1,9,10,6,52,0.15,1,9,0,0,0,1,0,68,1.5,18:28,0
Mike Johnson,20032004,PHX,R,R,11,1,9,10,-1,10,0.91,0,5,1,5,0,0,0,17,5.9,19:50,50
Brooks Orpik,20032004,PIT,L,D,79,1,9,10,-36,127,0.13,1,6,0,1,0,3,0,56,1.8,18:25,--
Darius Kasparaitis,20032004,NYR,L,D,44,1,9,10,11,48,0.23,1,10,0,0,0,0,0,29,3.5,16:23,--
Henrik Tallinder,20032004,BUF,L,D,72,1,9,10,5,26,0.14,1,10,0,0,0,0,0,63,1.6,18:23,0
Garnet Exelby,20032004,ATL,L,D,71,1,9,10,-10,134,0.14,1,9,0,0,0,1,0,42,2.4,19:32,--
Jeremy Stevenson,20032004,"MIN,NSH",L,L,56,5,4,9,-3,105,0.16,2,6,3,3,0,0,0,67,7.5,10:07,50
Christian Berglund,20032004,"NJD,FLA",L,L,33,5,4,9,-6,14,0.27,5,9,0,0,0,0,0,50,10,11:34,31.3
Rickard Wallin,20032004,MIN,L,C,15,5,4,9,1,14,0.6,2,6,3,3,0,0,1,16,31.3,14:20,45.5
Todd Harvey,20032004,SJS,R,R,47,4,5,9,3,38,0.19,4,9,0,0,0,0,0,51,7.8,9:46,44.8
Rob Zamuner,20032004,BOS,L,L,57,4,5,9,3,16,0.16,4,9,0,0,0,0,0,49,8.2,9:43,50
Christoph Brandner,20032004,MIN,L,L,35,4,5,9,-2,8,0.26,3,6,1,3,0,0,0,50,8,13:20,50
Mikael Samuelsson,20032004,FLA,R,R,37,3,6,9,0,35,0.24,3,8,0,1,0,0,1,50,6,12:15,28.6
Martin Cibak,20032004,TBL,L,C,63,2,7,9,-1,30,0.14,2,9,0,0,0,0,0,44,4.5,7:35,45.2
Aki Berg,20032004,TOR,L,D,79,2,7,9,-1,40,0.11,2,8,0,1,0,0,0,69,2.9,18:18,0
Hal Gill,20032004,BOS,L,D,82,2,7,9,16,99,0.11,2,9,0,0,0,0,0,104,1.9,18:24,--
Milan Bartovic,20032004,BUF,L,R,23,1,8,9,1,18,0.39,1,9,0,0,0,0,0,30,3.3,12:53,100
Derrick Walser,20032004,CBJ,L,D,27,1,8,9,-6,22,0.33,0,3,1,6,0,0,0,35,2.9,18:23,--
Mario Lemieux,20032004,PIT,R,C,10,1,8,9,-2,6,0.9,1,5,0,4,0,0,0,21,4.8,22:24,49.1
Matt Johnson,20032004,MIN,L,L,57,7,1,8,4,177,0.14,7,8,0,0,0,0,1,21,33.3,6:27,33.3
Pavel Brendl,20032004,CAR,R,R,18,5,3,8,0,8,0.44,4,6,1,2,0,0,1,27,18.5,14:48,0
Claude Lapointe,20032004,PHI,L,C,42,5,3,8,2,32,0.19,4,7,0,0,1,1,1,26,19.2,11:04,51.7
Petr Schastlivy,20032004,"OTT,ANA",L,L,65,4,4,8,-4,18,0.12,3,7,1,1,0,0,2,85,4.7,10:09,46.1
Jordin Tootoo,20032004,NSH,R,R,70,4,4,8,-6,137,0.11,2,5,2,3,0,0,0,92,4.3,8:29,55.5
Andrew Hutchinson,20032004,NSH,R,D,18,4,4,8,1,4,0.44,2,4,2,4,0,0,1,24,16.7,16:43,--
Todd Simpson,20032004,"ANA,OTT",L,D,62,4,4,8,-7,152,0.13,4,8,0,0,0,0,0,52,7.7,14:19,0
Josef Melichar,20032004,PIT,L,D,82,3,5,8,-17,62,0.1,3,7,0,0,0,1,0,78,3.9,19:01,--
Stephane Quintal,20032004,MTL,R,D,73,3,5,8,10,82,0.11,3,8,0,0,0,0,0,86,3.5,20:38,--
Tyson Nash,20032004,PHX,L,L,69,3,5,8,-6,110,0.12,3,7,0,0,0,1,0,83,3.6,11:53,38.5
Aaron Ward,20032004,CAR,R,D,49,3,5,8,1,37,0.16,1,6,2,2,0,0,0,51,5.9,17:52,--
Bryce Salvador,20032004,STL,L,D,69,3,5,8,-4,47,0.12,3,7,0,1,0,0,1,60,5,17:29,--
Brian Pothier,20032004,OTT,L,D,55,2,6,8,6,24,0.15,1,5,1,3,0,0,1,78,2.6,16:43,--
Marty Reasoner,20032004,EDM,L,C,17,2,6,8,5,10,0.47,1,5,0,1,1,2,0,28,7.1,16:30,52.6
Aaron Johnson,20032004,CBJ,L,D,29,2,6,8,-2,32,0.28,2,8,0,0,0,0,1,33,6.1,15:02,--
Eric Cairns,20032004,NYI,L,D,72,2,6,8,-5,189,0.11,2,8,0,0,0,0,0,24,8.3,11:44,--
Joel Bouchard,20032004,NYR,L,D,28,1,7,8,2,10,0.29,1,7,0,1,0,0,0,34,2.9,16:42,--
Mikhail Yakubov,20032004,CHI,L,C,30,1,7,8,-12,8,0.27,1,6,0,2,0,0,0,32,3.1,13:44,45.7
Shaone Morrisonn,20032004,"BOS,WSH",L,D,33,1,7,8,10,10,0.24,1,8,0,0,0,0,0,14,7.1,18:14,--
Alexander Karpovtsev,20032004,"CHI,NYI",L,D,27,0,8,8,-16,18,0.3,0,4,0,4,0,0,0,34,0,18:55,--
Jesse Boulerice,20032004,CAR,R,R,76,6,1,7,-5,127,0.09,6,7,0,0,0,0,0,46,13,6:32,--
Dan Lacouture,20032004,NYR,L,L,59,5,2,7,-13,82,0.12,4,6,1,1,0,0,1,39,12.8,9:29,50
Patrick Sharp,20032004,PHI,R,L,41,5,2,7,-3,55,0.17,5,7,0,0,0,0,1,44,11.4,9:56,46.7
Vaclav Nedorost,20032004,FLA,L,C,32,4,3,7,-6,12,0.22,2,5,2,2,0,0,0,38,10.5,11:32,42.1
Radek Martinek,20032004,NYI,R,D,47,4,3,7,-9,43,0.15,4,7,0,0,0,0,1,48,8.3,13:03,--
Andreas Lilja,20032004,FLA,L,D,79,3,4,7,-8,90,0.09,3,6,0,0,0,1,0,79,3.8,19:34,0
Brad Chartrand,20032004,LAK,R,R,53,3,4,7,-3,30,0.13,2,6,0,0,1,1,0,63,4.8,11:36,54.1
Jamie Rivers,20032004,DET,L,D,50,3,4,7,9,41,0.14,3,7,0,0,0,0,0,31,9.7,10:14,0
Travis Brigley,20032004,COL,L,L,36,3,4,7,0,10,0.19,2,6,1,1,0,0,0,39,7.7,11:52,43.4
Ivan Novoseltsev,20032004,"FLA,PHX",L,R,34,3,4,7,-13,14,0.21,3,6,0,1,0,0,0,48,6.3,11:03,66.7
Patrick Boileau,20032004,PIT,R,D,16,3,4,7,-16,8,0.44,0,2,3,5,0,0,0,41,7.3,19:52,--
Jon Klemm,20032004,"CHI,DAL",R,D,77,2,5,7,16,44,0.09,2,6,0,0,0,1,1,71,2.8,17:19,0
Keith Carney,20032004,ANA,L,D,69,2,5,7,-5,42,0.1,1,5,1,2,0,0,0,58,3.5,21:43,--
Bryan Allen,20032004,VAN,L,D,74,2,5,7,-10,94,0.09,2,7,0,0,0,0,0,70,2.9,16:51,--
Mattias Timander,20032004,"NYI,PHI",L,D,39,2,5,7,15,21,0.18,1,6,0,0,1,1,1,46,4.3,17:56,--
Fedor Tyutin,20032004,NYR,L,D,25,2,5,7,-4,14,0.28,1,5,0,1,1,1,0,33,6.1,20:08,0
Andy Delmore,20032004,BUF,R,D,37,2,5,7,-5,29,0.19,0,4,2,3,0,0,0,40,5,15:11,--
Jassen Cullimore,20032004,TBL,L,D,79,2,5,7,8,58,0.09,2,7,0,0,0,0,1,78,2.6,19:02,--
Chris Tamer,20032004,ATL,L,D,38,2,5,7,-9,55,0.18,2,7,0,0,0,0,1,40,5,17:58,--
Lukas Krajicek,20032004,FLA,L,D,18,1,6,7,-2,12,0.39,0,2,1,5,0,0,0,16,6.3,13:32,--
Jason Marshall,20032004,"MIN,SJS",R,D,24,1,6,7,-3,26,0.29,0,3,1,4,0,0,0,30,3.3,15:48,--
Sven Butenschon,20032004,NYI,L,D,41,1,6,7,-3,30,0.17,1,6,0,0,0,1,0,17,5.9,11:15,--
Duvie Westcott,20032004,CBJ,R,D,34,0,7,7,-15,39,0.21,0,4,0,3,0,0,0,43,0,21:11,--
Tim Gleason,20032004,LAK,L,D,47,0,7,7,1,21,0.15,0,7,0,0,0,0,0,45,0,14:59,--
Shane Hnidy,20032004,"OTT,NSH",R,D,46,0,7,7,5,82,0.15,0,7,0,0,0,0,0,28,0,12:40,--
Branislav Mezei,20032004,FLA,L,D,45,0,7,7,-4,80,0.16,0,7,0,0,0,0,0,26,0,17:43,--
Travis Moen,20032004,CHI,L,L,82,4,2,6,-17,142,0.07,4,6,0,0,0,0,2,51,7.8,10:57,15.8
Ryan Bayda,20032004,CAR,L,L,44,3,3,6,-14,22,0.14,3,6,0,0,0,0,1,65,4.6,10:57,0
Jason Holland,20032004,LAK,R,D,52,3,3,6,5,24,0.12,3,5,0,0,0,1,1,64,4.7,17:41,--
Jody Shelley,20032004,CBJ,L,L,76,3,3,6,-10,228,0.08,2,5,1,1,0,0,0,62,4.8,7:14,0
Chad Kilger,20032004,"MTL,TOR",L,L,41,3,3,6,4,16,0.15,3,5,0,1,0,0,1,35,8.6,10:39,47.4
Alex Henry,20032004,MIN,L,D,71,2,4,6,4,106,0.08,2,6,0,0,0,0,0,37,5.4,14:53,0
Ossi Vaananen,20032004,"PHX,COL",L,D,79,2,4,6,-14,89,0.08,2,6,0,0,0,0,1,45,4.4,19:14,--
Jed Ortmeyer,20032004,NYR,R,R,58,2,4,6,-10,16,0.1,2,6,0,0,0,0,0,48,4.2,9:52,31.3
Eric Beaudoin,20032004,FLA,L,L,30,2,4,6,-6,12,0.2,2,6,0,0,0,0,0,30,6.7,10:19,30.8
Burke Henry,20032004,CHI,L,D,23,2,4,6,0,24,0.26,2,6,0,0,0,0,0,31,6.5,17:02,--
John Tripp,20032004,LAK,R,R,34,1,5,6,-4,33,0.18,1,6,0,0,0,0,0,45,2.2,8:05,100
Kurt Sauer,20032004,"ANA,COL",L,D,69,1,5,6,-11,51,0.09,1,5,0,0,0,1,0,44,2.3,16:32,--
Scott Ferguson,20032004,EDM,L,D,52,1,5,6,-5,80,0.12,1,6,0,0,0,0,1,38,2.6,13:21,--
Boyd Gordon,20032004,WSH,R,C,41,1,5,6,-9,8,0.15,1,6,0,0,0,0,0,42,2.4,13:11,43
Trevor Daley,20032004,DAL,L,D,27,1,5,6,-6,14,0.22,0,2,1,4,0,0,0,34,2.9,16:02,--
Murray Baron,20032004,STL,L,D,80,1,5,6,-6,61,0.07,1,6,0,0,0,0,0,57,1.8,19:14,--
Chris Dingman,20032004,TBL,L,L,74,1,5,6,-9,140,0.08,1,6,0,0,0,0,0,65,1.5,8:16,30
Niko Kapanen,20032004,DAL,L,C,67,1,5,6,-15,16,0.09,1,6,0,0,0,0,0,57,1.8,11:30,47.7
Brent Burns,20032004,MIN,R,D,36,1,5,6,-10,12,0.17,1,4,0,2,0,0,0,34,2.9,13:29,28.6
Luke Richardson,20032004,CBJ,L,D,64,1,5,6,-11,48,0.09,1,5,0,0,0,1,1,34,2.9,20:07,--
Glen Wesley,20032004,CAR,L,D,74,0,6,6,18,32,0.08,0,5,0,1,0,0,0,82,0,21:22,--
Rick Berry,20032004,WSH,L,D,65,0,6,6,-5,108,0.09,0,6,0,0,0,0,0,43,0,12:11,50
Calle Johansson,20032004,TOR,L,D,8,0,6,6,5,0,0.75,0,4,0,2,0,0,0,8,0,17:28,--
Shane Willis,20032004,TBL,R,R,12,0,6,6,1,2,0.5,0,5,0,1,0,0,0,27,0,13:50,0
Chris Kunitz,20032004,ANA,L,L,21,0,6,6,1,12,0.29,0,6,0,0,0,0,0,31,0,9:07,14.3
Craig MacDonald,20032004,"FLA,BOS",L,C,52,0,6,6,-5,33,0.12,0,6,0,0,0,0,0,59,0,11:12,46.1
Stephen Peat,20032004,WSH,R,R,64,5,0,5,-10,90,0.08,5,5,0,0,0,0,0,21,23.8,6:38,0
Ryan Vandenbussche,20032004,CHI,R,R,65,4,1,5,-10,120,0.08,2,3,2,2,0,0,0,25,16,6:16,--
Sandy McCarthy,20032004,"BOS,NYR",R,R,50,4,1,5,-8,30,0.1,3,4,1,1,0,0,1,38,10.5,7:18,0
Michal Grosek,20032004,BOS,R,L,33,3,2,5,1,33,0.15,3,5,0,0,0,0,0,24,12.5,6:14,51.2
Jean-Luc Grand-Pierre,20032004,"CBJ,ATL,WSH",R,D,56,3,2,5,-12,52,0.09,2,4,0,0,1,1,0,53,5.7,12:14,40
Krzysztof Oliwa,20032004,CGY,L,L,65,3,2,5,-8,247,0.08,3,5,0,0,0,0,0,32,9.4,4:56,20
Ramzi Abid,20032004,PIT,L,L,16,3,2,5,-5,27,0.31,1,1,2,4,0,0,1,35,8.6,12:56,0
Jay McKee,20032004,BUF,L,D,43,2,3,5,6,41,0.12,2,5,0,0,0,0,1,29,6.9,17:44,--
Ryan Kesler,20032004,VAN,R,C,28,2,3,5,-2,16,0.18,2,5,0,0,0,0,0,23,8.7,10:42,40.2
Matt Keith,20032004,CHI,R,R,20,2,3,5,-5,10,0.25,1,4,1,1,0,0,0,21,9.5,11:58,100
Darby Hendrickson,20032004,"MIN,COL",L,C,34,2,3,5,-15,12,0.15,2,5,0,0,0,0,0,35,5.7,13:24,53.4
Dan Focht,20032004,PIT,L,D,52,2,3,5,-23,105,0.1,2,5,0,0,0,0,0,56,3.6,16:36,--
Alexei Semenov,20032004,EDM,L,D,46,2,3,5,8,32,0.11,1,4,1,1,0,0,0,36,5.6,17:16,--
Tomas Zizka,20032004,LAK,L,D,15,2,3,5,-4,12,0.33,1,2,1,3,0,0,0,24,8.3,16:54,--
Cody McCormick,20032004,COL,R,C,44,2,3,5,-4,73,0.11,2,5,0,0,0,0,1,33,6.1,8:07,32.7
Dustin Brown,20032004,LAK,R,R,31,1,4,5,0,16,0.16,1,5,0,0,0,0,0,40,2.5,10:29,0
Curtis Leschyshyn,20032004,OTT,L,D,56,1,4,5,13,16,0.09,1,5,0,0,0,0,0,30,3.3,13:54,0
Ian Moran,20032004,BOS,R,D,35,1,4,5,3,28,0.14,1,5,0,0,0,0,0,54,1.9,18:45,100
Justin Mapletoft,20032004,NYI,L,C,27,1,4,5,-1,6,0.19,1,5,0,0,0,0,0,15,6.7,6:09,48.5
Todd Fedoruk,20032004,PHI,L,L,49,1,4,5,-4,136,0.1,1,5,0,0,0,0,1,33,3,6:47,--
Jozef Balej,20032004,"MTL,NYR",R,R,17,1,4,5,-1,4,0.29,1,4,0,1,0,0,0,29,3.5,12:59,33.3
Niklas Kronwall,20032004,DET,L,D,20,1,4,5,5,16,0.25,1,5,0,0,0,0,1,18,5.6,13:51,--
Todd Rohloff,20032004,"CBJ,WSH",L,D,59,0,5,5,-17,26,0.08,0,5,0,0,0,0,0,35,0,16:12,50
Brad Ference,20032004,PHX,R,D,63,0,5,5,-19,103,0.08,0,4,0,1,0,0,0,39,0,14:03,--
Bob Boughner,20032004,"CAR,COL",R,D,54,0,5,5,-10,88,0.09,0,4,0,0,0,1,0,34,0,14:31,--
Wyatt Smith,20032004,NSH,L,C,18,3,1,4,2,2,0.22,2,3,0,0,1,1,0,21,14.3,10:22,57
Peter Worrell,20032004,COL,L,L,49,3,1,4,2,179,0.08,3,4,0,0,0,0,0,32,9.4,5:55,0
Jaroslav Svoboda,20032004,CAR,L,L,33,3,1,4,3,6,0.12,3,4,0,0,0,0,1,27,11.1,9:08,33.3
Darcy Hordichuk,20032004,FLA,L,L,57,3,1,4,-10,158,0.07,3,4,0,0,0,0,1,27,11.1,6:46,50
Peter Sejna,20032004,STL,L,L,20,2,2,4,-9,4,0.2,0,0,2,4,0,0,0,36,5.6,14:58,42.9
Thomas Pock,20032004,NYR,L,D,6,2,2,4,-4,0,0.67,2,2,0,2,0,0,0,8,25,18:38,--
Steve Poapst,20032004,CHI,L,D,53,2,2,4,-16,26,0.08,2,4,0,0,0,0,1,55,3.6,22:15,0
Brad Larsen,20032004,"COL,ATL",L,L,32,2,2,4,0,13,0.13,2,4,0,0,0,0,0,23,8.7,8:49,53.3
Jim McKenzie,20032004,NSH,L,L,61,1,3,4,-13,88,0.07,1,3,0,1,0,0,0,10,10,6:14,66.7
Mark Hartigan,20032004,CBJ,L,C,9,1,3,4,-2,6,0.44,0,2,1,2,0,0,0,15,6.7,16:19,40.6
Nolan Pratt,20032004,TBL,L,D,58,1,3,4,11,42,0.07,1,3,0,0,0,1,0,35,2.9,16:25,--
Bryan Marchment,20032004,TOR,L,D,75,1,3,4,4,106,0.05,1,4,0,0,0,0,0,56,1.8,15:13,--
Tommy Albelin,20032004,NJD,L,D,45,1,3,4,7,4,0.09,1,3,0,1,0,0,0,27,3.7,14:48,--
Pavel Vorobiev,20032004,CHI,L,R,18,1,3,4,1,4,0.22,0,2,1,2,0,0,1,20,5,12:48,--
Pascal Rheaume,20032004,"NYR,STL",L,C,42,1,3,4,-6,9,0.1,1,4,0,0,0,0,0,38,2.6,10:12,50
Kelly Buchberger,20032004,PIT,L,R,71,1,3,4,-19,109,0.06,1,4,0,0,0,0,0,34,2.9,10:21,45.3
Steve McCarthy,20032004,CHI,L,D,25,1,3,4,-9,8,0.16,1,2,0,2,0,0,0,29,3.5,19:21,--
Scott Parker,20032004,SJS,R,R,50,1,3,4,0,101,0.08,1,4,0,0,0,0,0,20,5,6:37,40
Mark Smith,20032004,SJS,L,C,36,1,3,4,-5,72,0.11,1,4,0,0,0,0,0,31,3.2,8:22,50.2
Mike Green,20032004,"FLA,NYR",L,C,24,1,3,4,0,4,0.17,1,4,0,0,0,0,0,20,5,9:08,42.1
Jason Strudwick,20032004,CHI,L,D,54,1,3,4,-16,73,0.07,1,4,0,0,0,0,0,32,3.1,14:55,0
Mike Leclerc,20032004,ANA,L,L,10,1,3,4,-1,4,0.4,1,3,0,1,0,0,0,19,5.3,15:37,75
Jason Morgan,20032004,"CGY,NSH",L,C,19,0,4,4,1,4,0.21,0,4,0,0,0,0,0,20,0,9:51,48.7
Harold Druken,20032004,TOR,L,C,9,0,4,4,4,2,0.44,0,4,0,0,0,0,0,19,0,10:48,33.3
David Hale,20032004,NJD,L,D,65,0,4,4,12,72,0.06,0,4,0,0,0,0,0,45,0,15:01,--
Lance Ward,20032004,ANA,L,R,46,0,4,4,-1,94,0.09,0,4,0,0,0,0,0,26,0,8:41,--
Shawn Heins,20032004,ATL,L,D,17,0,4,4,-1,16,0.24,0,4,0,0,0,0,0,17,0,13:53,--
Mike Komisarek,20032004,MTL,R,D,46,0,4,4,4,34,0.09,0,4,0,0,0,0,0,40,0,12:00,--
Steve Eminger,20032004,WSH,R,D,41,0,4,4,-11,45,0.1,0,4,0,0,0,0,0,12,0,17:32,--
Scott Lachance,20032004,CBJ,L,D,77,0,4,4,-23,44,0.05,0,3,0,1,0,0,0,35,0,18:59,0
Espen Knutsen,20032004,CBJ,L,C,14,0,4,4,-5,2,0.29,0,2,0,1,0,1,0,11,0,15:28,51.2
Derian Hatcher,20032004,DET,L,D,15,0,4,4,4,8,0.27,0,3,0,1,0,0,0,18,0,19:38,--
Cam Severson,20032004,ANA,L,L,31,3,0,3,-3,50,0.1,2,2,1,1,0,0,0,24,12.5,7:21,66.7
Benjamin Simon,20032004,ATL,L,L,52,3,0,3,-10,28,0.06,3,3,0,0,0,0,0,30,10,6:05,33
Zdenek Blatny,20032004,ATL,L,L,16,3,0,3,0,6,0.19,3,3,0,0,0,0,0,17,17.6,10:27,38.5
Matt Hussey,20032004,PIT,L,C,3,2,1,3,-1,0,1,0,1,2,2,0,0,0,8,25,13:35,--
Jason Botterill,20032004,BUF,L,L,19,2,1,3,0,14,0.16,1,1,1,2,0,0,0,20,10,11:24,25
Brad Bombardir,20032004,"MIN,NSH",L,D,69,1,2,3,-9,25,0.04,1,3,0,0,0,0,1,47,2.1,20:00,--
Rob Scuderi,20032004,PIT,L,D,13,1,2,3,2,4,0.23,1,3,0,0,0,0,0,4,25,20:06,--
Blair Betts,20032004,CGY,L,C,20,1,2,3,-1,10,0.15,0,2,1,1,0,0,1,21,4.8,12:46,54
Barret Jackman,20032004,STL,L,D,15,1,2,3,-1,41,0.2,1,3,0,0,0,0,0,11,9.1,18:16,--
Eric Boulton,20032004,BUF,L,L,44,1,2,3,-2,110,0.07,1,3,0,0,0,0,0,20,5,4:52,0
Nathan Perrott,20032004,TOR,R,R,40,1,2,3,-1,116,0.07,1,3,0,0,0,0,0,47,2.1,7:40,20
Kent McDonell,20032004,CBJ,R,R,29,1,2,3,-7,36,0.1,1,3,0,0,0,0,0,23,4.3,10:18,60
Jiri Hudler,20032004,DET,L,R,12,1,2,3,-1,10,0.25,0,2,1,1,0,0,0,8,12.5,8:10,30
Tim Jackman,20032004,CBJ,R,R,19,1,2,3,-7,16,0.16,1,3,0,0,0,0,0,18,5.6,9:56,100
Aaron Miller,20032004,LAK,R,D,35,1,2,3,-3,32,0.09,1,3,0,0,0,0,0,26,3.9,19:00,--
Anton Volchenkov,20032004,OTT,L,D,19,1,2,3,1,8,0.16,1,3,0,0,0,0,0,15,6.7,13:04,--
Allan Rourke,20032004,CAR,L,D,25,1,2,3,4,22,0.12,1,2,0,1,0,0,0,24,4.2,12:28,--
Steve McKenna,20032004,PIT,L,L,49,1,2,3,-10,85,0.06,1,3,0,0,0,0,0,30,3.3,6:19,0
Steve Montador,20032004,CGY,R,D,26,1,2,3,-1,50,0.12,1,2,0,1,0,0,1,31,3.2,11:46,0
David Ling,20032004,CBJ,R,R,50,1,2,3,-3,98,0.06,1,3,0,0,0,0,0,45,2.2,7:45,37.5
Jeff Heerema,20032004,STL,R,R,22,1,2,3,-5,4,0.14,1,2,0,1,0,0,1,28,3.6,10:26,50
Andrei Nazarov,20032004,PHX,R,L,33,1,2,3,-7,125,0.09,1,3,0,0,0,0,0,17,5.9,5:28,--
Jim Cummins,20032004,COL,R,R,55,1,2,3,-5,147,0.05,1,3,0,0,0,0,1,25,4,5:50,33.3
Garrett Burnett,20032004,ANA,L,L,39,1,2,3,0,184,0.08,1,3,0,0,0,0,0,24,4.2,3:36,0
Tommi Santala,20032004,ATL,R,C,33,1,2,3,-7,22,0.09,1,2,0,1,0,0,1,23,4.3,10:08,51.2
Tyler Bouck,20032004,VAN,L,L,18,1,2,3,-4,23,0.17,0,2,0,0,1,1,0,12,8.3,9:18,--
Eric Messier,20032004,FLA,L,L,21,0,3,3,-2,16,0.14,0,2,0,0,0,1,0,13,0,11:16,10.5
Rob Davison,20032004,SJS,L,D,55,0,3,3,-3,92,0.05,0,3,0,0,0,0,0,33,0,14:22,--
Sean Brown,20032004,NJD,L,D,39,0,3,3,5,44,0.08,0,3,0,0,0,0,0,25,0,13:56,--
Dominic Moore,20032004,NYR,L,C,5,0,3,3,0,0,0.6,0,1,0,2,0,0,0,3,0,9:18,30.6
Jamie Allison,20032004,NSH,L,D,47,0,3,3,-7,76,0.06,0,3,0,0,0,0,0,19,0,13:04,--
Nolan Baumgartner,20032004,"PIT,VAN",R,D,14,0,3,3,-4,4,0.21,0,2,0,1,0,0,0,15,0,14:32,--
Darren Langdon,20032004,MTL,L,L,64,0,3,3,-2,135,0.05,0,3,0,0,0,0,0,22,0,6:16,0
Brad Brown,20032004,"MIN,BUF",R,D,43,0,3,3,2,66,0.07,0,3,0,0,0,0,0,20,0,11:45,--
Michael Zigomanis,20032004,CAR,R,C,17,0,3,3,-1,2,0.18,0,2,0,1,0,0,0,13,0,8:37,53.7
Robert Schnabel,20032004,NSH,L,D,20,0,3,3,6,34,0.15,0,3,0,0,0,0,0,10,0,14:36,--
Raymond Giroux,20032004,NJD,L,D,11,0,3,3,-3,4,0.27,0,0,0,3,0,0,0,17,0,20:55,--
Wade Brookbank,20032004,"NSH,VAN",L,D,29,2,0,2,-1,133,0.07,2,2,0,0,0,0,1,7,28.6,3:43,--
Andrew Peters,20032004,BUF,L,L,42,2,0,2,-3,151,0.05,2,2,0,0,0,0,0,19,10.5,4:10,0
Andy Hilbert,20032004,BOS,L,L,18,2,0,2,1,9,0.11,2,2,0,0,0,0,0,27,7.4,8:57,54.5
Brian Sutherby,20032004,WSH,L,C,30,2,0,2,-5,28,0.07,2,2,0,0,0,0,0,24,8.3,10:15,41.4
Michael Holmqvist,20032004,ANA,L,C,21,2,0,2,-6,25,0.1,2,2,0,0,0,0,0,18,11.1,8:24,31.3
Andrej Nedorost,20032004,CBJ,L,L,9,2,0,2,0,6,0.22,2,2,0,0,0,0,0,16,12.5,13:02,69.2
Marek Svatos,20032004,COL,R,R,4,2,0,2,1,0,0.5,1,1,1,1,0,0,1,6,33.3,10:18,--
Carl Corazzini,20032004,BOS,L,C,12,2,0,2,2,0,0.17,1,1,0,0,1,1,0,16,12.5,10:41,33.3
Erik Westrum,20032004,PHX,L,C,15,1,1,2,-3,20,0.13,1,2,0,0,0,0,0,29,3.5,16:00,39.6
Zbynek Michalek,20032004,MIN,R,D,22,1,1,2,-7,4,0.09,1,2,0,0,0,0,0,17,5.9,14:13,--
Matt Murley,20032004,PIT,L,L,18,1,1,2,-6,14,0.11,1,2,0,0,0,0,0,20,5,11:49,50
Dave Lowry,20032004,CGY,L,L,18,1,1,2,-6,11,0.11,1,2,0,0,0,0,0,9,11.1,9:13,10.5
Tony Martensson,20032004,ANA,L,C,6,1,1,2,-2,0,0.33,1,2,0,0,0,0,0,4,25,6:58,44.4
Ivan Ciernik,20032004,WSH,L,L,7,1,1,2,1,0,0.29,1,2,0,0,0,0,0,8,12.5,9:38,--
Andre Roy,20032004,TBL,L,R,33,1,1,2,-5,78,0.06,1,2,0,0,0,0,0,24,4.2,7:52,50
Simon Gamache,20032004,"ATL,NSH",L,L,9,1,1,2,-3,0,0.22,0,1,1,1,0,0,0,5,20,7:22,55.5
Mathias Tjarnqvist,20032004,DAL,L,L,18,1,1,2,-6,2,0.11,1,2,0,0,0,0,1,11,9.1,9:43,25
Sean Bergenheim,20032004,NYI,L,L,18,1,1,2,-4,4,0.11,0,1,0,0,1,1,0,12,8.3,8:55,50
Wade Belak,20032004,TOR,R,R,34,1,1,2,0,109,0.06,1,2,0,0,0,0,0,15,6.7,7:00,--
Francis Lessard,20032004,ATL,R,R,62,1,1,2,-5,181,0.03,1,2,0,0,0,0,0,19,5.3,4:28,0
Pavel Rosa,20032004,LAK,R,R,2,1,1,2,1,0,1,1,1,0,1,0,0,0,4,25,12:41,--
Brad Moran,20032004,CBJ,L,C,2,1,1,2,-1,2,1,1,1,0,1,0,0,0,4,25,10:03,64
Ron Hainsey,20032004,MTL,L,D,11,1,1,2,3,4,0.18,1,2,0,0,0,0,0,11,9.1,13:15,--
Aaron Downey,20032004,DAL,R,R,37,1,1,2,2,77,0.05,1,2,0,0,0,0,1,11,9.1,4:30,--
Marcel Hossa,20032004,MTL,L,L,15,1,1,2,-3,8,0.13,1,2,0,0,0,0,0,19,5.3,14:50,40
Lubomir Sekeras,20032004,DAL,L,D,4,1,1,2,0,2,0.5,1,2,0,0,0,0,0,2,50,16:30,--
Dale Purinton,20032004,NYR,L,D,40,1,1,2,-9,117,0.05,1,2,0,0,0,0,0,31,3.2,12:47,--
Kamil Piros,20032004,"ATL,FLA",L,R,17,1,1,2,-4,4,0.12,0,0,1,2,0,0,0,11,9.1,9:25,27.3
Jaroslav Bednar,20032004,FLA,R,C,13,1,1,2,2,4,0.15,1,2,0,0,0,0,0,19,5.3,13:02,43.9
Darryl Bootland,20032004,DET,R,R,22,1,1,2,-3,74,0.09,1,2,0,0,0,0,1,13,7.7,6:07,100
Brett Clark,20032004,COL,L,D,12,1,1,2,3,6,0.17,1,2,0,0,0,0,0,14,7.1,10:26,--
Bruno St. Jacques,20032004,CAR,L,D,35,0,2,2,-7,31,0.06,0,2,0,0,0,0,0,16,0,11:50,--
Jim Fahey,20032004,SJS,R,D,15,0,2,2,-2,18,0.13,0,1,0,1,0,0,0,19,0,16:54,--
Reed Low,20032004,STL,R,R,57,0,2,2,-6,141,0.04,0,2,0,0,0,0,0,28,0,5:42,--
Anton Babchuk,20032004,CHI,R,D,5,0,2,2,-1,2,0.4,0,1,0,1,0,0,0,11,0,12:43,--
Eric Manlow,20032004,NYI,L,C,18,0,2,2,-2,2,0.11,0,2,0,0,0,0,0,10,0,10:13,53.9
Brad Norton,20032004,"LAK,WSH",L,D,36,0,2,2,-5,94,0.06,0,2,0,0,0,0,0,16,0,10:28,--
John Slaney,20032004,PHI,L,D,4,0,2,2,0,0,0.5,0,1,0,1,0,0,0,0,--,13:38,--
Lynn Loyns,20032004,"SJS,CGY",L,C,14,0,2,2,-3,2,0.14,0,1,0,0,0,1,0,6,0,10:41,44.2
Mike Bishai,20032004,EDM,L,C,14,0,2,2,0,19,0.14,0,2,0,0,0,0,0,14,0,9:09,41.6
Darcy Verot,20032004,WSH,L,C,37,0,2,2,-6,135,0.05,0,1,0,0,0,1,0,11,0,8:48,48.6
Todd Reirden,20032004,PHX,L,D,7,0,2,2,-4,4,0.29,0,1,0,0,0,1,0,9,0,15:22,--
Kevin Miller,20032004,DET,R,C,4,0,2,2,2,0,0.5,0,2,0,0,0,0,0,2,0,7:21,75
Al MacInnis,20032004,STL,R,D,3,0,2,2,-1,6,0.67,0,0,0,2,0,0,0,9,0,24:59:00,--
Charlie Stephens,20032004,COL,R,C,6,0,2,2,-1,4,0.33,0,2,0,0,0,0,0,1,0,6:12,45.5
Josh Olson,20032004,FLA,L,L,5,1,0,1,1,0,0.2,1,1,0,0,0,0,0,6,16.7,8:17,--
Dan Fritsche,20032004,CBJ,R,C,19,1,0,1,-5,12,0.05,1,1,0,0,0,0,0,19,5.3,8:24,38.1
John Gruden,20032004,WSH,L,D,11,1,0,1,-1,6,0.09,1,1,0,0,0,0,1,7,14.3,13:18,--
Peter Sarno,20032004,EDM,L,C,6,1,0,1,2,2,0.17,1,1,0,0,0,0,0,5,20,10:15,52.5
Rob Skrlac,20032004,NJD,L,L,8,1,0,1,1,22,0.13,1,1,0,0,0,0,1,3,33.3,2:15,--
Martin Grenier,20032004,VAN,L,D,7,1,0,1,3,9,0.14,1,1,0,0,0,0,0,6,16.7,6:50,--
Pat Kavanagh,20032004,VAN,R,R,3,1,0,1,0,0,0.33,1,1,0,0,0,0,0,1,100,7:58,52.4
Shawn Thornton,20032004,CHI,R,L,8,1,0,1,2,23,0.13,1,1,0,0,0,0,0,14,7.1,11:14,42.1
Rob Ray,20032004,OTT,L,R,6,1,0,1,0,14,0.17,1,1,0,0,0,0,0,3,33.3,4:40,--
Chad Wiseman,20032004,NYR,L,L,4,1,0,1,-1,0,0.25,1,1,0,0,0,0,0,3,33.3,8:49,--
Milan Michalek,20032004,SJS,L,L,2,1,0,1,1,4,0.5,1,1,0,0,0,0,0,1,100,9:05,--
Brad Fast,20032004,CAR,L,D,1,1,0,1,1,0,1,1,1,0,0,0,0,0,4,25,21:24,--
Garth Murray,20032004,NYR,L,C,20,1,0,1,-5,24,0.05,1,1,0,0,0,0,0,18,5.6,9:16,20
Donald MacLean,20032004,CBJ,L,C,4,1,0,1,-1,0,0.25,1,1,0,0,0,0,0,10,10,11:41,58.1
Antti Miettinen,20032004,DAL,R,R,16,1,0,1,-9,0,0.06,1,1,0,0,0,0,1,17,5.9,9:51,0
Kip Brennan,20032004,"LAK,ATL",L,L,23,1,0,1,-1,96,0.04,1,1,0,0,0,0,0,8,12.5,4:43,--
Steve Martins,20032004,STL,L,C,25,1,0,1,-7,22,0.04,0,0,0,0,1,1,0,27,3.7,10:29,61
Brandon Reid,20032004,VAN,R,C,3,0,1,1,1,0,0.33,0,1,0,0,0,0,0,2,0,9:21,47.4
Bryan Helmer,20032004,PHX,R,D,17,0,1,1,-5,10,0.06,0,1,0,0,0,0,0,10,0,12:46,--
Jiri Bicek,20032004,NJD,L,R,12,0,1,1,0,0,0.08,0,1,0,0,0,0,0,10,0,9:55,0
Roman Tvrdon,20032004,WSH,L,C,9,0,1,1,-3,2,0.11,0,1,0,0,0,0,0,7,0,10:41,35.5
Riku Hahl,20032004,COL,L,C,28,0,1,1,-7,12,0.04,0,1,0,0,0,0,0,40,0,12:17,41.1
Christian Laflamme,20032004,STL,R,D,16,0,1,1,-3,20,0.06,0,1,0,0,0,0,0,9,0,13:00,--
Kris Beech,20032004,PIT,L,C,4,0,1,1,0,6,0.25,0,0,0,1,0,0,0,6,0,12:32,40
Matt Walker,20032004,STL,R,D,14,0,1,1,0,25,0.07,0,1,0,0,0,0,0,8,0,11:23,--
Jeremy Reich,20032004,CBJ,L,C,9,0,1,1,-3,20,0.11,0,1,0,0,0,0,0,3,0,7:38,--
Darrel Scoville,20032004,CBJ,L,D,8,0,1,1,-4,6,0.13,0,1,0,0,0,0,0,5,0,19:14,--
Karl Stewart,20032004,ATL,L,L,5,0,1,1,0,4,0.2,0,1,0,0,0,0,0,2,0,4:27,10
Michal Barinka,20032004,CHI,L,D,9,0,1,1,-5,6,0.11,0,1,0,0,0,0,0,15,0,13:48,--
Kyle Rossiter,20032004,"FLA,ATL",L,D,6,0,1,1,0,7,0.17,0,1,0,0,0,0,0,1,0,11:21,--
Sergei Zinovjev,20032004,BOS,L,C,10,0,1,1,1,2,0.1,0,1,0,0,0,0,0,8,0,9:48,41.7
Jeff Finley,20032004,STL,L,D,53,0,1,1,-9,34,0.02,0,0,0,0,0,1,0,25,0,17:05,--
Kirby Law,20032004,PHI,R,R,6,0,1,1,0,2,0.17,0,1,0,0,0,0,0,1,0,8:10,--
Stan Neckar,20032004,NSH,L,D,1,0,1,1,2,0,1,0,0,0,0,0,1,0,0,--,14:59,--
Noah Clarke,20032004,LAK,L,L,2,0,1,1,1,0,0.5,0,1,0,0,0,0,0,3,0,9:39,--
Damian Surma,20032004,CAR,L,L,1,0,1,1,1,0,1,0,1,0,0,0,0,0,0,--,9:26,--
Eric Godard,20032004,NYI,R,R,31,0,1,1,-2,97,0.03,0,1,0,0,0,0,0,5,0,3:46,0
Kurtis Foster,20032004,ATL,R,D,3,0,1,1,0,0,0.33,0,1,0,0,0,0,0,1,0,6:58,--
Lee Goren,20032004,FLA,R,R,2,0,1,1,-4,0,0.5,0,0,0,1,0,0,0,1,0,13:20,100
Quintin Laing,20032004,CHI,L,L,3,0,1,1,1,0,0.33,0,1,0,0,0,0,0,3,0,11:57,--
Bryan Muir,20032004,LAK,L,D,2,0,1,1,1,2,0.5,0,0,0,0,0,1,0,2,0,17:56,--
Brian Swanson,20032004,ATL,L,C,2,0,1,1,0,0,0.5,0,1,0,0,0,0,0,0,--,6:35,29.4
Sean Pronger,20032004,VAN,L,C,3,0,1,1,-1,4,0.33,0,1,0,0,0,0,0,6,0,10:17,42.9
Denis Grebeshkov,20032004,LAK,L,D,4,0,1,1,-4,0,0.25,0,1,0,0,0,0,0,5,0,18:29,--
Pierre Hedin,20032004,TOR,L,D,3,0,1,1,-1,0,0.33,0,1,0,0,0,0,0,4,0,19:20,--
Travis Roche,20032004,MIN,R,D,5,0,1,1,-3,0,0.2,0,0,0,1,0,0,0,5,0,16:07,--
Tomas Kloucek,20032004,"NSH,ATL",L,D,42,0,1,1,-5,35,0.02,0,1,0,0,0,0,0,12,0,8:26,--
Chris Armstrong,20032004,ANA,L,D,4,0,1,1,-1,0,0.25,0,1,0,0,0,0,0,8,0,12:32,--
Alexei Smirnov,20032004,ANA,L,L,8,0,1,1,0,2,0.13,0,1,0,0,0,0,0,8,0,7:17,0
Brooks Laich,20032004,"OTT,WSH",L,C,5,0,1,1,-1,2,0.2,0,1,0,0,0,0,0,3,0,10:35,50
Owen Fussey,20032004,WSH,L,R,4,0,1,1,-1,0,0.25,0,1,0,0,0,0,0,6,0,8:16,--
Derek MacKenzie,20032004,ATL,L,C,12,0,1,1,0,10,0.08,0,1,0,0,0,0,0,7,0,6:38,46
Chris McAllister,20032004,"COL,NYR",L,L,46,0,1,1,-6,74,0.02,0,1,0,0,0,0,0,19,0,7:28,50
Doug Doull,20032004,BOS,L,L,35,0,1,1,2,132,0.03,0,1,0,0,0,0,0,4,0,2:50,--
Fedor Fedorov,20032004,VAN,L,L,8,0,1,1,0,4,0.13,0,1,0,0,0,0,0,10,0,10:59,50
Kyle Wanvig,20032004,MIN,R,R,6,0,1,1,-2,10,0.17,0,1,0,0,0,0,0,16,0,13:48,75
Matt Ellison,20032004,CHI,R,R,10,0,1,1,-3,0,0.1,0,1,0,0,0,0,0,4,0,12:40,39.1
Daniel Corso,20032004,ATL,L,C,7,0,1,1,-2,0,0.14,0,1,0,0,0,0,0,2,0,12:59,47.6
Dwayne Zinger,20032004,WSH,L,D,7,0,1,1,2,9,0.14,0,1,0,0,0,0,0,0,--,5:24,--
Maxim Kuznetsov,20032004,LAK,L,D,16,0,1,1,-5,20,0.06,0,1,0,0,0,0,0,11,0,15:11,--
Scottie Upshall,20032004,NSH,L,R,7,0,1,1,-2,0,0.14,0,0,0,1,0,0,0,6,0,9:11,37.5
Serge Payer,20032004,OTT,L,C,5,0,1,1,1,2,0.2,0,1,0,0,0,0,0,2,0,10:30,46.5
Benoit Gratton,20032004,MTL,L,C,4,0,1,1,0,4,0.25,0,1,0,0,0,0,0,3,0,9:44,54.8
Lasse Kukkonen,20032004,CHI,L,D,10,0,1,1,-2,4,0.1,0,1,0,0,0,0,0,9,0,13:37,--
Carlo Colaiacovo,20032004,TOR,L,D,2,0,1,1,1,2,0.5,0,1,0,0,0,0,0,0,--,13:56,--
John Erskine,20032004,DAL,L,D,32,0,1,1,-9,84,0.03,0,1,0,0,0,0,0,23,0,12:36,--
Tony Salmelainen,20032004,EDM,R,L,13,0,1,1,-1,4,0.08,0,1,0,0,0,0,0,17,0,9:39,--
Cory Larose,20032004,NYR,R,C,7,0,1,1,-2,4,0.14,0,1,0,0,0,0,0,10,0,11:27,47.5
Kyle Rossiter,20032004,"FLA,ATL",L,D,6,0,1,1,0,7,0.17,0,1,0,0,0,0,0,1,0,11:21,--
Chris McAllister,20032004,"COL,NYR",L,L,46,0,1,1,-6,74,0.02,0,1,0,0,0,0,0,19,0,7:28,50
Karl Stewart,20032004,ATL,L,L,5,0,1,1,0,4,0.2,0,1,0,0,0,0,0,2,0,4:27,10
Tony Salmelainen,20032004,EDM,R,L,13,0,1,1,-1,4,0.08,0,1,0,0,0,0,0,17,0,9:39,--
Timofei Shishkanov,20032004,NSH,R,R,2,0,0,0,-1,0,0,0,0,0,0,0,0,0,0,--,6:32,--
Richard Scott,20032004,NYR,L,R,5,0,0,0,0,23,0,0,0,0,0,0,0,0,1,0,6:01,100
Karl Dykhuis,20032004,MTL,L,D,9,0,0,0,-2,2,0,0,0,0,0,0,0,0,6,0,13:02,0
Andrei Podkonicky,20032004,WSH,L,C,2,0,0,0,-1,0,0,0,0,0,0,0,0,0,1,0,3:34,--
Graham Mink,20032004,WSH,R,R,2,0,0,0,-1,2,0,0,0,0,0,0,0,0,0,--,5:32,0
Tomas Malec,20032004,CAR,L,D,2,0,0,0,-1,2,0,0,0,0,0,0,0,0,1,0,9:32,--
Doug Lynch,20032004,EDM,L,D,2,0,0,0,0,0,0,0,0,0,0,0,0,0,2,0,10:16,--
Josh Holden,20032004,TOR,L,C,1,0,0,0,0,0,0,0,0,0,0,0,0,0,0,--,10:32,--
Zenith Komarniski,20032004,CBJ,L,D,2,0,0,0,0,0,0,0,0,0,0,0,0,0,1,0,14:48,--
Goran Bezina,20032004,PHX,L,D,3,0,0,0,-1,2,0,0,0,0,0,0,0,0,0,--,5:17,--
Jason Jaspers,20032004,PHX,L,C,3,0,0,0,-1,2,0,0,0,0,0,0,0,0,3,0,11:24,57.9
Mathieu Darche,20032004,NSH,L,L,2,0,0,0,-1,0,0,0,0,0,0,0,0,0,1,0,6:39,--
Aleksander Suglobov,20032004,NJD,L,R,1,0,0,0,0,0,0,0,0,0,0,0,0,0,2,0,8:18,--
Jeff Hamilton,20032004,NYI,R,C,1,0,0,0,0,0,0,0,0,0,0,0,0,0,1,0,10:00,--
Nathan Smith,20032004,VAN,L,C,2,0,0,0,-1,0,0,0,0,0,0,0,0,0,1,0,5:16,33.3
Brad Boyes,20032004,SJS,R,R,1,0,0,0,-2,2,0,0,0,0,0,0,0,0,0,--,13:03,--
Mikhail Kuleshov,20032004,COL,R,L,3,0,0,0,-1,0,0,0,0,0,0,0,0,0,4,0,11:19,--
Ryan Barnes,20032004,DET,L,L,2,0,0,0,0,0,0,0,0,0,0,0,0,0,0,--,2:22,--
Casey Hankinson,20032004,ANA,L,L,4,0,0,0,0,4,0,0,0,0,0,0,0,0,0,--,6:20,100
Joe Motzko,20032004,CBJ,R,R,2,0,0,0,0,0,0,0,0,0,0,0,0,0,1,0,7:16,--
Libor Pivko,20032004,NSH,L,L,1,0,0,0,0,0,0,0,0,0,0,0,0,0,2,0,6:50,--
Jean-Francois Fortin,20032004,WSH,R,D,2,0,0,0,0,0,0,0,0,0,0,0,0,0,0,--,7:57,--
Jeremy Yablonski,20032004,STL,R,R,1,0,0,0,-1,5,0,0,0,0,0,0,0,0,1,0,7:53,--
Michael Farrell,20032004,NSH,R,R,1,0,0,0,0,0,0,0,0,0,0,0,0,0,0,--,5:08,--
Steve Kelly,20032004,LAK,L,C,3,0,0,0,0,0,0,0,0,0,0,0,0,0,5,0,10:30,43.3
Tomas Plekanec,20032004,MTL,L,C,2,0,0,0,0,0,0,0,0,0,0,0,0,0,0,--,9:02,45.5
Mike Stuart,20032004,STL,R,D,2,0,0,0,0,0,0,0,0,0,0,0,0,0,0,--,9:31,--
Tomi Pettinen,20032004,NYI,L,D,4,0,0,0,-2,2,0,0,0,0,0,0,0,0,2,0,10:24,--
Freddy Meyer,20032004,PHI,L,D,1,0,0,0,0,0,0,0,0,0,0,0,0,0,1,0,15:24,--
Mike Weaver,20032004,ATL,R,D,1,0,0,0,-1,0,0,0,0,0,0,0,0,0,0,--,8:28,--
Norman Milley,20032004,BUF,R,R,2,0,0,0,0,2,0,0,0,0,0,0,0,0,2,0,8:20,--
Ken Gernander,20032004,NYR,L,R,2,0,0,0,-1,2,0,0,0,0,0,0,0,0,0,--,6:38,--
Benoit Dusablon,20032004,NYR,L,C,3,0,0,0,-1,2,0,0,0,0,0,0,0,0,3,0,8:19,42.9
Brett Lysak,20032004,CAR,L,C,2,0,0,0,0,2,0,0,0,0,0,0,0,0,0,--,3:24,0
Scott Pellerin,20032004,STL,L,L,2,0,0,0,-3,2,0,0,0,0,0,0,0,0,1,0,14:05,0
Domenic Pittis,20032004,BUF,L,C,4,0,0,0,-1,4,0,0,0,0,0,0,0,0,3,0,11:37,53.2
Melvin Angelstad,20032004,WSH,L,L,2,0,0,0,0,2,0,0,0,0,0,0,0,0,1,0,13:00,--
Miroslav Zalesak,20032004,SJS,L,R,2,0,0,0,-1,0,0,0,0,0,0,0,0,0,3,0,12:02,--
Garret Stroshein,20032004,WSH,R,R,3,0,0,0,-1,14,0,0,0,0,0,0,0,0,2,0,7:16,--
Layne Ulmer,20032004,NYR,L,C,1,0,0,0,-1,0,0,0,0,0,0,0,0,0,1,0,9:27,75
Jeff MacMillan,20032004,DAL,L,D,4,0,0,0,-2,0,0,0,0,0,0,0,0,0,3,0,8:19,--
Mark Popovic,20032004,ANA,L,D,1,0,0,0,0,0,0,0,0,0,0,0,0,0,1,0,13:48,--
Aris Brimanis,20032004,STL,R,D,13,0,0,0,0,4,0,0,0,0,0,0,0,0,3,0,12:02,100
Julien Vauclair,20032004,OTT,L,D,1,0,0,0,1,2,0,0,0,0,0,0,0,0,0,--,12:48,--
Jordan Krestanovich,20032004,COL,L,L,14,0,0,0,0,6,0,0,0,0,0,0,0,0,25,0,10:08,23.8
Ivan Huml,20032004,BOS,L,L,7,0,0,0,-3,6,0,0,0,0,0,0,0,0,11,0,9:13,--
Dan Bylsma,20032004,ANA,L,L,11,0,0,0,-3,0,0,0,0,0,0,0,0,0,6,0,7:04,53.9
Patrick Leahy,20032004,BOS,R,R,6,0,0,0,1,0,0,0,0,0,0,0,0,0,2,0,5:27,--
Nathan Robinson,20032004,DET,L,L,5,0,0,0,-1,2,0,0,0,0,0,0,0,0,5,0,6:01,--
Gavin Morgan,20032004,DAL,R,C,6,0,0,0,0,21,0,0,0,0,0,0,0,0,7,0,5:49,70
Vernon Fiddler,20032004,NSH,L,C,17,0,0,0,-6,23,0,0,0,0,0,0,0,0,8,0,8:06,49.6
Steve Gainey,20032004,DAL,L,L,7,0,0,0,1,7,0,0,0,0,0,0,0,0,0,--,5:27,--
Grant McNeill,20032004,FLA,L,D,3,0,0,0,0,5,0,0,0,0,0,0,0,0,0,--,2:43,--
Robert Valicevic,20032004,DAL,R,R,7,0,0,0,-1,2,0,0,0,0,0,0,0,0,4,0,7:50,48.1
Patrick Rissmiller,20032004,SJS,L,L,4,0,0,0,0,0,0,0,0,0,0,0,0,0,2,0,7:07,53.9
Darren Rumble,20032004,TBL,L,D,5,0,0,0,-2,2,0,0,0,0,0,0,0,0,5,0,11:34,--
Jason MacDonald,20032004,NYR,R,R,4,0,0,0,-1,19,0,0,0,0,0,0,0,0,3,0,8:11,--
Chris Hajt,20032004,WSH,L,D,5,0,0,0,0,2,0,0,0,0,0,0,0,0,1,0,10:44,--
Ty Jones,20032004,FLA,R,R,6,0,0,0,0,7,0,0,0,0,0,0,0,0,1,0,3:05,--
Peter White,20032004,PHI,L,C,3,0,0,0,-1,2,0,0,0,0,0,0,0,0,2,0,6:25,30
Boyd Kane,20032004,PHI,L,L,7,0,0,0,-4,7,0,0,0,0,0,0,0,0,6,0,9:56,33.3
Gregory Campbell,20032004,FLA,L,C,2,0,0,0,-1,5,0,0,0,0,0,0,0,0,0,--,9:09,0
Maxim Kondratiev,20032004,TOR,L,D,7,0,0,0,0,2,0,0,0,0,0,0,0,0,6,0,15:36,--
Matthew Spiller,20032004,PHX,L,D,51,0,0,0,-11,54,0,0,0,0,0,0,0,0,22,0,10:42,--
Nolan Yonkman,20032004,WSH,R,D,1,0,0,0,0,0,0,0,0,0,0,0,0,0,0,--,5:00,--
Joey Tetarenko,20032004,CAR,R,R,2,0,0,0,0,0,0,0,0,0,0,0,0,0,0,--,3:31,0
Jamie Pushor,20032004,"CBJ,NYR",R,D,14,0,0,0,-5,2,0,0,0,0,0,0,0,0,10,0,13:10,--
Paul Healey,20032004,NYR,R,R,4,0,0,0,0,0,0,0,0,0,0,0,0,0,0,--,4:50,0
John Pohl,20032004,STL,R,C,1,0,0,0,-2,0,0,0,0,0,0,0,0,0,1,0,8:18,55.5
Jame Pollock,20032004,STL,R,D,9,0,0,0,-1,6,0,0,0,0,0,0,0,0,19,0,15:25,--
Blake Sloan,20032004,DAL,R,R,28,0,0,0,-1,7,0,0,0,0,0,0,0,0,23,0,7:11,0
Kristian Kudroc,20032004,FLA,R,D,2,0,0,0,0,2,0,0,0,0,0,0,0,0,0,--,7:15,--
Clarke Wilm,20032004,TOR,L,C,10,0,0,0,0,7,0,0,0,0,0,0,0,0,10,0,11:45,46.5
Bill Lindsay,20032004,ATL,L,L,24,0,0,0,-6,25,0,0,0,0,0,0,0,0,10,0,5:55,50
Steve McLaren,20032004,STL,L,L,6,0,0,0,0,25,0,0,0,0,0,0,0,0,2,0,2:47,--
Steve Webb,20032004,"PIT,NYI",R,R,10,0,0,0,-4,4,0,0,0,0,0,0,0,0,3,0,5:08,0
Mike Peluso,20032004,PHI,R,R,1,0,0,0,0,0,0,0,0,0,0,0,0,0,2,0,9:34,--
Kyle Wellwood,20032004,TOR,R,C,1,0,0,0,-1,0,0,0,0,0,0,0,0,0,1,0,7:56,30.8
Jani Rita,20032004,EDM,R,L,2,0,0,0,0,0,0,0,0,0,0,0,0,0,1,0,4:34,--
Chris Kelly,20032004,OTT,L,C,4,0,0,0,-2,0,0,0,0,0,0,0,0,0,4,0,9:29,40
Tomas Kurka,20032004,CAR,L,L,3,0,0,0,0,0,0,0,0,0,0,0,0,0,3,0,8:45,--
Kris Vernarsky,20032004,BOS,L,C,3,0,0,0,-1,0,0,0,0,0,0,0,0,0,0,--,6:33,33.3
Denis Hamel,20032004,OTT,L,L,5,0,0,0,-3,0,0,0,0,0,0,0,0,0,6,0,6:16,100
Denis Shvidki,20032004,FLA,L,R,2,0,0,0,0,0,0,0,0,0,0,0,0,0,4,0,14:05,--
Doug Janik,20032004,BUF,L,D,4,0,0,0,0,19,0,0,0,0,0,0,0,0,3,0,8:26,--
Bryce Lampman,20032004,NYR,L,D,8,0,0,0,-4,0,0,0,0,0,0,0,0,0,7,0,19:34,--
Mike Stutzel,20032004,PHX,L,L,9,0,0,0,-4,0,0,0,0,0,0,0,0,0,3,0,5:47,0
Jody Hull,20032004,OTT,R,R,1,0,0,0,0,0,0,0,0,0,0,0,0,0,0,--,2:51,--
Reid Simpson,20032004,PIT,L,L,2,0,0,0,0,17,0,0,0,0,0,0,0,0,2,0,4:46,--
Gordie Dwyer,20032004,MTL,L,L,2,0,0,0,0,7,0,0,0,0,0,0,0,0,0,--,5:55,--
P.J. Stock,20032004,BOS,L,C,1,0,0,0,0,0,0,0,0,0,0,0,0,0,1,0,6:04,50
Chris Higgins,20032004,MTL,L,L,2,0,0,0,0,0,0,0,0,0,0,0,0,0,0,--,6:18,22.2
Martin Samuelsson,20032004,BOS,L,L,6,0,0,0,-1,0,0,0,0,0,0,0,0,0,7,0,5:38,0
Mike Siklenka,20032004,NYR,R,R,1,0,0,0,0,0,0,0,0,0,0,0,0,0,0,--,2:22,--
Mike Pandolfo,20032004,CBJ,L,L,3,0,0,0,-2,0,0,0,0,0,0,0,0,0,3,0,8:18,--
Tuomas Pihlman,20032004,NJD,L,L,2,0,0,0,0,2,0,0,0,0,0,0,0,0,1,0,6:56,--
Nathan Smith,20032004,VAN,L,C,2,0,0,0,-1,0,0,0,0,0,0,0,0,0,1,0,5:16,33.3
Patrick Rissmiller,20032004,SJS,L,L,4,0,0,0,0,0,0,0,0,0,0,0,0,0,2,0,7:07,53.9
Steve Gainey,20032004,DAL,L,L,7,0,0,0,1,7,0,0,0,0,0,0,0,0,0,--,5:27,--
Zdenek Kutlak,20032004,BOS,L,D,2,0,0,0,-1,0,0,0,0,0,0,0,0,0,0,--,11:33,--
Steve Kelly,20032004,LAK,L,C,3,0,0,0,0,0,0,0,0,0,0,0,0,0,5,0,10:30,43.3
Richard Scott,20032004,NYR,L,R,5,0,0,0,0,23,0,0,0,0,0,0,0,0,1,0,6:01,100
Doug Janik,20032004,BUF,L,D,4,0,0,0,0,19,0,0,0,0,0,0,0,0,3,0,8:26,--
Jani Rita,20032004,EDM,R,L,2,0,0,0,0,0,0,0,0,0,0,0,0,0,1,0,4:34,--
Steve Webb,20032004,"PIT,NYI",R,R,10,0,0,0,-4,4,0,0,0,0,0,0,0,0,3,0,5:08,0
Robert Valicevic,20032004,DAL,R,R,7,0,0,0,-1,2,0,0,0,0,0,0,0,0,4,0,7:50,48.1
Jeff MacMillan,20032004,DAL,L,D,4,0,0,0,-2,0,0,0,0,0,0,0,0,0,3,0,8:19,--
Melvin Angelstad,20032004,WSH,L,L,2,0,0,0,0,2,0,0,0,0,0,0,0,0,1,0,13:00,--
Patrick Leahy,20032004,BOS,R,R,6,0,0,0,1,0,0,0,0,0,0,0,0,0,2,0,5:27,--
Denis Hamel,20032004,OTT,L,L,5,0,0,0,-3,0,0,0,0,0,0,0,0,0,6,0,6:16,100
Blake Sloan,20032004,DAL,R,R,28,0,0,0,-1,7,0,0,0,0,0,0,0,0,23,0,7:11,0
Jason MacDonald,20032004,NYR,R,R,4,0,0,0,-1,19,0,0,0,0,0,0,0,0,3,0,8:11,--